"phenotype_number","phenotype_name","phenotype_name_short","genetic_model","CD_meaning","H2_meaning","deltaAIC_ACE_ADE","fit_Chisq","fit_Chisq.df","fit_Chisq.p","fit_AIC","fit_BIC","fit_RMSEA","fit_SRMR","a2","a2.p","a2.CiL","a2.CiH","a2.deltaAIC","a2.LRT.Chisq","a2.LRT.Chisq.df","a2.LRT.Chisq.p","cd2","cd2.p","cd2.CiL","cd2.CiH","cd2.deltaAIC","cd2.LRT.Chisq","cd2.LRT.Chisq.df","cd2.LRT.Chisq.p","e2","e2.p","e2.CiL","e2.CiH"
1,"cervicalSpine_CS2H_atlas_c2base_distance","CS2H","ADE","D","broad sense heritability",2.01827503976938,11.8256701571034,8,0.159153182418182,2627.31418638317,2700.22312433604,0.058134045761439,0.0414062662885552,6.2536434704183e-13,NA,6.2536434704183e-13,6.2536434704183e-13,1.99999999995225,4.8117954065674e-11,1,0.999994465305703,0.799095116248558,0,0.67683563091347,0.931499461924162,-0.0182750397948439,2.01827503979528,1,0.155415605523529,0.200904883750817,0.00198518197208108,0.0735729693297345,0.328236798171899
2,"cervicalSpine_CS3H_c2base_c3base_distance","CS3H","ACE","C","familiality",-0.252282977337472,8.38086883780209,8,0.397177002069353,2712.40583731933,2785.31477527219,0.0183427525332635,0.0444092122824054,0.633765963139814,0.000135390204546448,0.149965395838638,1.45186769511256,-1.385407121139,3.38540712113915,1,0.0657759327024638,0.188942047901835,0.207118199970088,0.0579142552154479,1.23210688173292,1.74771702263661,0.252282977363798,1,0.6154721307194,0.177291988958351,0.0291479927787477,0.0180028624118051,0.336581115504896
3,"cervicalSpine_CS4H_c3base_c4base_distance","CS4H","ACE","C","familiality",-5.07022863112979,8.61358784961918,8,0.375933640406273,2695.18768596026,2767.88347802365,0.0234061166002146,0.0713996061437903,6.76322820101839e-14,NA,6.76322820101839e-14,6.76322820101839e-14,1.99999999999181,8.44124770082999e-12,1,0.999997681840128,0.524387354590794,0,0.372403992491821,0.70231569022631,-3.07022863112707,5.07022863112761,1,0.0243401731349675,0.475612645409139,1.59414992317863e-08,0.310656796223468,0.64056849459481
4,"cervicalSpine_CS5H_c4base_c5base_distance","CS5H","ADE","D","broad sense heritability",0.00667206442130919,12.9388803703697,8,0.113969918367981,3044.80353934655,3117.78302410977,0.0659363781218871,0.068795483999588,0.521460886228623,0.273300869665863,0.324716247800341,4.05653341267743,1.63758239117215,0.362417608828215,1,0.547166613656594,0.0704576433630674,0.884590174484166,11.0138639261234,14.8193537261325,1.99332793560234,0.00667206439748824,1,0.934899031312798,0.408081470408309,0.000135725043652224,0.198474478655934,0.617688462160685
5,"cervicalSpine_CS6H_c5base_c6base_distance","CS6H","ACE","C","familiality",-0.0373358673091388,6.4489548426385,8,0.597074983780105,2895.45446911705,2968.43395388028,0,0.0539692244934593,0.580483607322891,0.000655453929801153,0.104760914244659,1.44029182848017,-0.486133331981819,2.48613333198193,1,0.114853588366574,0.0701146369190274,0.650147101045529,0.77344151485836,1.98538980261664,1.96266413267676,0.0373358673235629,1,0.84678282797618,0.349401755758082,3.87165493831443e-05,0.182982927756454,0.515820583759709
6,"cervicalSpine_CS7H_c6base_c7base_distance","CS7H","ACE","C","familiality",-1.83764571844995,6.78714447223518,8,0.559762803751341,2719.40711757735,2792.24525899611,0,0.0425674594159617,0.209859755822913,0.160444576713898,0.0329768080518878,1.20517411924846,1.48238732650725,0.517612673492222,1,0.471861827913175,0.452169132423209,0.00121443563969881,0.0702732905053259,1.16592344985477,0.162354281610078,1.83764571838953,1,0.17522713428664,0.337971111753878,4.01952362505398e-08,0.217313152891798,0.458629070615958
7,"cervicalSpine_CS2A_c2base_odontoid_distance","CS2A","ADE","D","broad sense heritability",0.102237440814406,5.50230310074503,8,0.702784816814481,2408.1299307083,2480.96807212706,0,0.0341452423474721,0.726029175793051,0.0174486283533841,0.0223584135345248,2.41684214209836,0.942597624628434,1.05740237537214,1,0.303808391433648,0.205124111519845,0.505704427671066,0.775924030740032,3.19221859644455,1.89776255924426,0.102237440755092,1,0.749160961472974,0.0688467126871038,0.137614324715319,-0.0220362908217236,0.159729716195931
8,"hyoidBone_HBNP_nsp_hyoidale_distance","HBNP","ACE","C","familiality",-0.960620156291043,3.60202851227359,8,0.891128589149245,2144.02069995706,2217.21034427225,0,0.0447204818544673,0.454488135171379,0.00862257581227754,0.0292804006698954,1.38579874760672,-2.0592119841358,4.05921198413536,1,0.0439309955001724,0.248549570455568,0.145309983616411,0.0297300368429151,1.36777451421046,1.03937984375716,0.960620156242525,1,0.327030679322559,0.296962294373053,1.11697318061488e-11,0.211249879800968,0.382674708945138
9,"hyoidBone_HBC2_c2base_hyoidale_distance","HBC2","ACE","C","familiality",-2.00787140558532,7.30850381510541,8,0.503742493868471,2332.84808371132,2406.03772802651,0,0.0531848784361881,0.319191862403307,0.0548441828677855,0.000137522629715392,1.30340662632006,-0.0479787423323614,2.04797874233201,1,0.152408412324132,0.345863533002413,0.0286421342209837,0.00376793174843629,1.2428231614561,-0.00787140558804822,2.0078714055881,1,0.156484742613706,0.334944604594281,1.1371639851987e-08,0.219952103103246,0.449937106085316
10,"hyoidBone_HBC3_c3base_hyoidale_distance","HBC3","ACE","C","familiality",-0.11491299389354,10.0844211096602,8,0.259150604239625,2610.78132532535,2684.04053492807,0.0425369642118219,0.0524010096872349,0.562197421846878,0.00654527757091872,0.0438234956001841,1.66476025444164,-2.33311522744361,4.3331152274435,1,0.0373777771128579,0.0962309866804212,0.632104815632059,0.921071996229843,2.49686565539468,1.88508700611419,0.114912993885344,1,0.734618625979966,0.341571591472701,8.47759640265622e-10,0.232461602109093,0.450681580836308
11,"hyoidBone_HBC4_c4base_hyoidale_distance","HBC4","ACE","C","familiality",-1.98521981017848,3.57540883467029,8,0.893259022261978,2522.63101931979,2595.89022892251,0,0.0254132889921172,0.259044119463647,0.0274735754739395,0.00319257707459676,0.92433735028329,0.622502408314631,1.37749759168502,1,0.240527858771828,0.360956033472216,0.00113285198090596,0.0571510804990162,0.926462867079993,0.0147801898247053,1.98521981017466,1,0.158841588946263,0.379999847064137,4.88498130835069e-15,0.284912304253061,0.475087389875213
12,"hyoidBone_HBPG_pogonion_hyoidale_distance","HBPG","ACE","C","familiality",-0.245785395666189,4.16518634926726,8,0.841920584463396,2463.77997437309,2536.89981058948,0,0.0329139805664065,0.422816626166026,0.000295717634027248,0.0888572710585468,1.00480106552468,-0.702432344137378,2.70243234413743,1,0.10019528084119,0.140143144445739,0.190920940413082,0.0348404602480205,0.874916931473466,1.75421460433517,0.245785395664427,1,0.620058470303984,0.437040229388235,4.82502926502093e-13,0.318566289871472,0.555514168904998
13,"larynx_LEPL_epiglottisApex_epiglottisPetiole_distance","LEPL","ADE","D","broad sense heritability",2.27388237135847,18.0339294520207,8,0.0209735457630704,3027.49554597878,3100.40448393165,0.0941482622018946,0.0806732654343516,2.18896298187761e-10,NA,2.18896298187761e-10,2.18896298187761e-10,2.00000000135697,-1.35712951987443e-09,1,1,0.504149178143277,0,0.306776402928285,0.750294241903273,-0.273882371359832,2.27388237135975,1,0.131569940994124,0.495850821637827,1.17346335155588e-05,0.274091901882166,0.717609741393488
14,"larynx_LACT_atlas_corniculateTubercle_distance","LACT","ACE","C","familiality",-1.70225448273277,19.1622739618816,8,0.0140154849350735,2319.74920035674,2392.93884467194,0.0986064661086353,0.0439250586044429,0.337141194404271,0.00559157998108861,0.0288722477321793,0.982792393599372,-0.431732385068699,2.43173238506892,1,0.118901431044388,0.315195252574449,0.00547641684424893,0.0273118161480343,0.916963635159636,0.297745517244493,1.70225448275537,1,0.191993403682132,0.34766355302128,1.48350265405384e-09,0.23496235942033,0.460364746622229
15,"larynx_LAEP_atlas_epiglottisPetiole_distance","LAEP","ACE","C","familiality",-2.80593174628802,1.7232906050974,8,0.988351983390992,2543.70469823702,2616.75448184239,0,0.0272872301719076,0.143465359890829,0.291497743859305,0.105629942489872,1.17190158039692,1.6766031058396,0.323396894160129,1,0.569573351700069,0.467301653032589,0.000205936544981578,0.104080195562259,1.09113627691729,-0.805931745451289,2.80593174545157,1,0.0939162680156427,0.389232987076583,5.55754664510744e-09,0.258368337720168,0.520097636432997
16,"larynx_LAEA_atlas_epiglottisApex_distance","LAEA","ACE","C","familiality",-0.133937319167217,4.23201661513374,8,0.835606779564064,2522.66163443186,2595.71141803723,0,0.0319765146476972,0.432307915626554,0.00155765726664314,0.062585648543994,1.13386568644317,-0.615981485237626,2.61598148523698,1,0.105792050756187,0.102366461730638,0.406285880639667,0.189373267629143,1.15576598736089,1.86606268086825,0.133937319131482,1,0.714384119434242,0.465325622642809,5.56399371021143e-12,0.332964188749359,0.597687056536258
17,"larynx_L2CT_c2base_corniculateTubercle_distance","L2CT","ACE","C","familiality",-3.10601150148432,22.0581992293601,8,0.00480918658642704,2587.22819984213,2660.48740944485,0.110468538245751,0.0616227842472657,0.195780117007094,0.16301641210604,0.0321118847213047,1.13239145599107,1.24785852692821,0.75214147307177,1,0.385799073554887,0.430791906206359,0.00102810704910516,0.0699454338281305,1.09877104760425,-1.10601150148841,3.10601150148784,1,0.0780037628567814,0.373427976786547,4.34013291972235e-09,0.248756647257594,0.4980993063155
18,"larynx_L2EP_c2base_epiglottisPetiole_distance","L2EP","ACE","C","familiality",-0.295134283338939,0.719708778512909,8,0.999475150033231,2733.67039197432,2806.79022819071,0,0.0172267988715411,0.461368066586194,0.00197565581759473,0.0619721266595171,1.23107809864437,-0.759613866973723,2.75961386697388,1,0.0966715677669774,0.160999103089911,0.237188534117459,0.0697312399770853,1.13755152318231,1.70486571666015,0.295134283340157,1,0.586948991363553,0.377632830323895,8.3861986688305e-08,0.239510080505359,0.515755580142431
19,"larynx_L2EA_c2base_epiglottisApex_distance","L2EA","ADE","D","broad sense heritability",0.683388253608882,15.1304226717725,8,0.0566585372714262,2651.56351518101,2724.33060856769,0.0796479278613634,0.0697099937895879,7.34353367284511e-13,NA,7.34353367284511e-13,7.34353367284511e-13,2.00000000002456,-2.35420571925715e-11,1,1,0.502092194353362,0,0.365041983046526,0.66094012281887,1.31661174625515,0.683388253745623,1,0.408422427176817,0.497907805645904,4.22220036710996e-11,0.349958734337842,0.645856876953965
20,"larynx_L3CT_c3base_corniculateTubercle_distance","L3CT","ACE","C","familiality",-3.68310765900242,16.5348622869881,8,0.0353338862886488,2695.87596443536,2769.06560875055,0.086223830989335,0.0628529351189916,0.115198983160369,0.448710694302439,0.290204216077498,1.48236851665382,1.75201932930213,0.247980670697331,1,0.618500551986077,0.458507540901168,0.00127924816358149,0.0702506265382222,1.18639007956579,-1.68310765900287,3.68310765900335,1,0.0549663112176336,0.426293475938463,1.63633551153453e-11,0.302241924241904,0.550345027635021
21,"larynx_L3EP_c3base_epiglottisPetiole_distance","L3EP","ACE","C","familiality",-0.0669727567023983,7.39782781506295,8,0.494379956794327,2857.06466585278,2930.11444945815,0,0.0299945087935753,0.498743183642345,0.00109178938714716,0.0797352982879035,1.27703705791304,-0.350891092315578,2.3508910923165,1,0.125211415316491,0.0815572005870515,0.536735978794511,0.385005859835027,1.42003646960481,1.93302724354407,0.0669727564564742,1,0.795796539949877,0.419699615770603,1.40776111567931e-06,0.249174590224057,0.590224641317149
22,"larynx_L3EA_c3base_epiglottisApex_distance","L3EA","ADE","D","broad sense heritability",0.0250574071951633,20.4125611819414,8,0.00888294875994478,2651.98551881431,2725.1053550307,0.104164009587311,0.0688156471851348,0.456031877624385,0.0379581127370761,0.00140867705764546,1.72415361362341,1.09861669750035,0.901383302500555,1,0.342411067542224,0.0722335246802886,0.748519481344544,1.88880860413876,3.65522869154961,1.97494260084386,0.0250573991567329,1,0.874224118590063,0.471734597695326,5.35127497869325e-14,0.348831157620667,0.594638037769985
23,"larynx_L4CT_c4base_corniculateTubercle_distance","L4CT","ADE","D","broad sense heritability",0.581251845171664,6.70135366165044,8,0.569170144684099,2988.37346172659,3061.06925378998,0,0.0506067971364692,2.61483841974258e-08,0.999999962885137,46422171.7089421,46422167.3019209,2.00000003530749,-3.53077567183391e-08,1,1,0.317568619446526,0.577792601918971,2.01867234178131,6.49161318044704,1.41874815484016,0.581251845159468,1,0.445822055529052,0.68243135440509,8.537910378692e-10,0.464398709737225,0.900463999072955
24,"larynx_L4EP_c4base_epiglottisPetiole_distance","L4EP","ADE","D","broad sense heritability",0.42745400815329,15.1449236057491,8,0.0563880178481637,2978.59749621354,3051.5064341664,0.079446648574644,0.0606114257985325,0.0959131954985301,0.746231130754342,2.45233463242637,4.7759307167991,1.98235368268115,0.0176463173182153,1,0.894320360657311,0.486306061048543,0.120337302517824,0.0333204141543095,2.48772312387723,1.57254599186763,0.427454008131715,1,0.513240879310905,0.417780743452927,0.000386128327241719,0.187083138092554,0.6484783488133
25,"larynx_L4EA_c4base_epiglottisApex_distance","L4EA","ADE","D","broad sense heritability",0.0226982158314968,2.33952127244805,8,0.96879469723252,2629.50932416632,2702.83785792857,0,0.0231309291088078,0.521457488986367,0.0128622002033674,0.0234572715457077,1.66689428145888,1.03686880046371,0.96313119953577,1,0.326399233164139,0.0788501504090037,0.712757174551356,1.47408023492356,3.15319017942506,1.97730178553229,0.0226982144675079,1,0.880244507299326,0.399692360604629,2.56616949911859e-12,0.287774819454976,0.511609901754282
26,"larynx_L5CT_c5base_corniculateTubercle_distance","L5CT","ACE","C","familiality",-1.45962741474113,14.1829874544914,8,0.0771188409087599,2656.24200984017,2729.22149460339,0.0737751356932629,0.0681765238373923,0.197119598415391,0.294272328937996,0.148780448749015,1.62227028534528,1.4730468429002,0.526953157099229,1,0.467890639693703,0.334396441323591,0.0629508185765959,0.000975297959963848,1.41079802521061,0.5403725852766,1.45962741472331,1,0.226989412261329,0.468483960261018,1.35380595622792e-12,0.338952082536005,0.598015837986031
27,"larynx_L5EP_c5base_epiglottisPetiole_distance","L5EP","ADE","D","broad sense heritability",0.012096854025458,3.0850802649279,8,0.928905294583206,2849.26304318917,2922.38287940557,0,0.0214286370743201,0.501934916249966,0.0629905391386762,0.0014725708816283,2.11796036632186,1.28262754082334,0.717372459176459,1,0.39700714495395,0.0639006484991947,0.818743622444181,3.64517371110537,5.83128489728961,1.98790314605367,0.012096853946117,1,0.912420716784439,0.43416443525084,3.62882621729455e-08,0.279672269380218,0.588656601121461
28,"larynx_L5EA_c5base_epiglottisApex_distance","L5EA","ACE","C","familiality",-0.00388253538449135,3.7819733111434,8,0.876239300410109,2676.36530062138,2749.69383438363,0,0.0211313644177829,0.579459847087932,0.000102580629136373,0.142227519285431,1.31174544339933,-3.47241592881255,5.47241592881342,1,0.0193189019630401,0.0162772926653366,0.907006402320046,4.05231585260061,5.14473787613717,1.99611746462278,0.00388253537780958,1,0.950315969719383,0.404262860246732,5.48481260409517e-11,0.283426611848255,0.525099108645209
29,"larynx_LNCT_nsp_corniculateTubercle_distance","LNCT","ACE","C","familiality",-1.13672992851525,13.5873203413512,8,0.0931763831892393,2291.52031477856,2364.84884854081,0.0695220978868909,0.0279675321573151,0.409474826379967,0.00711258675419413,0.0302505095680855,1.2229654100907,-1.05609114556955,3.05609114556857,1,0.0804349513588888,0.280919300976785,0.0559877635068462,0.000183412684438899,1.15257275008328,0.863270071529314,1.13672992846992,1,0.286344371971128,0.309605872643248,8.44864889160135e-09,0.204242164111559,0.414969581174937
30,"larynx_LNEP_nsp_epiglottisPetiole_distance","LNEP","ACE","C","familiality",-4.26303052193316,2.21237186319383,8,0.973798960756369,2504.45001905582,2577.70922865854,0,0.0198269117843622,0.0210073774883984,0.900088044180626,4.48468743279281,5.79647276093278,1.99374283338238,0.00625716661744669,1,0.936951290551937,0.588850248190418,0.000162213124411226,0.135860138468319,1.35988125687299,-2.26303052193043,4.2630305219305,1,0.0389503758921105,0.390142374321184,8.07402984470684e-08,0.247626339030603,0.532658409611765
31,"larynx_LNEA_nsp_epiglottisApex_distance","LNEA","ADE","D","broad sense heritability",1.29209798112834,16.4607761262507,8,0.0362402416606077,2520.38948000894,2593.2276214277,0.0866065127758113,0.0630970643634655,1.89689198149494e-13,NA,1.89689198149494e-13,1.89689198149494e-13,1.99999999999363,6.4090954765561e-12,1,0.999997980060173,0.548729579890777,0,0.407847985623369,0.710473499892705,0.707902018912591,1.2920979810873,1,0.255661679186747,0.451270420109033,5.05549513363235e-09,0.299957663013164,0.602583177204902
32,"larynx_LHCT_hyoidale_corniculateTubercle_distance","LHCT","ADE","D","broad sense heritability",0.009294301502905,9.94848232433176,8,0.268660427492425,2621.75747565799,2694.59561707675,0.0415617365746743,0.0552792915953814,0.516649425423238,0.0956821863104182,0.0160653062083962,2.44708323174885,1.64079844607886,0.359201553921192,1,0.548950006703169,0.0800762778680149,0.800526297642141,3.65619028784805,6.14083958425211,1.99070569850028,0.00929430149934163,1,0.923197366393982,0.403274296708747,6.54915788267374e-08,0.256987876367791,0.549560717049703
33,"larynx_LHEP_hyoidale_epiglottisPetiole_distance","LHEP","ADE","D","broad sense heritability",0.209251254182163,6.77997929614863,8,0.560546769708147,3038.2712763916,3111.46092070679,0,0.0396916038163285,1.70652651564712e-11,NA,1.70652651564712e-11,1.70652651564712e-11,2.00000000000819,-8.18722867279575e-12,1,1,0.353829322752497,5.222816623629e-09,0.156182757330493,0.631184873502888,1.790748745977,0.209251254023487,1,0.647354897353354,0.646170677230437,9.68768061326841e-08,0.408669620143812,0.883671734317062
34,"larynx_LHEA_hyoidale_epiglottisApex_distance","LHEA","ADE","D","broad sense heritability",0.0337423017208494,3.45956235195051,8,0.902305253185751,2769.65326814771,2842.70305175308,0,0.0219499514765068,0.232971392773705,0.408441468631296,0.437904069668568,2.64740692938755,1.89949200170076,0.100507998299708,1,0.751220865836065,0.137089966552291,0.641048462022671,1.40716010218575,3.71236956397156,1.96625769828916,0.033742301711067,1,0.854256044346909,0.629938640674005,1.60530921888835e-10,0.436873115939397,0.823004165408612
35,"pharynx_PNNP_nsp_nasopharynx_distance","PNNP","ADE","D","broad sense heritability",1.88674493781309,16.1095228036867,8,0.0408390628008977,2560.62021064727,2633.80985496246,0.0840478688253454,0.0712836430062709,0.208834936877107,0.538476661760097,0.998230804694432,3.65989129987954,1.80141609745669,0.198583902542715,1,0.655866315221133,0.602683971203547,0.076474420451718,0.00681972247239515,2.67399702117035,0.113255062379721,1.88674493761955,1,0.169569517694931,0.188481091919346,7.82590168224573e-08,0.119702565056802,0.257259618781891
36,"pharynx_PPWC_pharynxWall_completeTrace_meanCurvature","PPWC","ACE","C","familiality",-0.0936847672537624,5.89101960960128,8,0.659437938650685,2889.29216302131,2961.3345394389,0,0.0351594587573361,0.17220912209498,0.270522965389785,0.104444340843076,1.32973240384087,1.72300302967324,0.276996970325881,1,0.598676298156019,0.0915142350065473,0.527050183557139,0.403071388739466,1.53736547750054,1.90631523272714,0.093684767272717,1,0.759543982973766,0.736276642898473,5.15411170132207e-05,0.379831963178913,1.09272132261803
37,"pharynx_PPW2_pharynxWall_toC2Projection_meanCurvature","PPW2","ACE","C","familiality",-0.920468208692,10.8855149888895,8,0.208270846485181,3021.50955838261,3093.32929799283,0.0518817091407664,0.0495185710622204,6.06396429955826e-10,0.99999998154026,4351928.81709732,4351929.02258188,2.00263513512891,-0.0026351351284255,1,1,0.0155838667483885,0.962124381728903,25.275601977184,27.8483688435915,1.07954001868347,0.920459981317055,1,0.337354225177216,0.984416132645215,0.137530116426266,-0.314811431326017,2.28364369661645
38,"pharynx_PPW3_pharynxWall_toC3Projection_meanCurvature","PPW3","ADE","D","broad sense heritability",0.0521257441696434,3.37508530981214,8,0.908665129898845,3100.12896126738,3172.53697858172,0,0.0307960245499623,7.40169520348513e-07,0.999998958774161,1669617.73652532,1669622.18319023,2.00000005249967,-5.250000967294e-08,1,1,0.260588925509537,0.65349356008304,2.95247917609466,7.5034149352791,1.94787430498172,0.0521256950180282,1,0.819404844229831,0.739410334320942,3.87439199618367e-05,0.387217839713477,1.09160282892841
39,"pharynx_PPW4_pharynxWall_toC4Projection_meanCurvature","PPW4","ACE","C","familiality",-0.414054848623437,3.33783328417239,8,0.911404647825029,2915.3779175791,2987.64047970686,0,0.0342654770008861,0.102300132190948,0.610320763803468,0.828581712266135,2.40235267648381,1.92415622403541,0.0758437759644703,1,0.783010874389642,0.216887780443988,0.249480152105824,0.106861675053635,1.58337245417197,1.58594515137611,0.414054848624478,1,0.519918566176926,0.680812087365063,6.65766102248e-08,0.433714978277743,0.927909196452384
40,"pharynx_PPW5_pharynxWall_toC5Projection_meanCurvature","PPW5","ACE","C","familiality",-1.50816504455679,11.9169352917726,8,0.154948684121902,2830.18887646863,2902.52429842196,0.0596728603742755,0.0545920995981439,7.69635260975184e-14,NA,7.69635260975184e-14,7.69635260975184e-14,1.99999999997999,1.98419058961008e-11,1,0.999996445882724,0.366178450023742,1.77894921016275e-09,0.166470304144892,0.643598458764937,0.491834955473223,1.50816504452594,1,0.219419297934496,0.633821549976181,1.91639784041797e-07,0.395257473710706,0.872385626241657
41,"pharynx_PPW6_pharynxWall_toC6Projection_meanCurvature","PPW6","ACE","C","familiality",-1.71607842149706,9.1040851144791,8,0.333591743439967,2910.88836095623,2983.7972989091,0.0312304371909363,0.0384467702622146,0.0913765261939145,0.707327241347175,1.62752635121427,3.53558983521712,1.96459320196254,0.0354067980383324,1,0.850745786079704,0.624226434759028,0.00552001172477579,0.0538488998708388,1.81739080797914,0.283921578717582,1.71607842128252,1,0.190198621851036,0.284397039047057,0.0098556984336009,0.0684187205439576,0.500375357550157
42,"pharynx_PPW7_pharynxWall_toC7Projection_meanCurvature","PPW7","ADE","D","broad sense heritability",0.173640148088452,6.70657537914905,8,0.568596305989077,2568.25045157495,2641.22993633818,0,0.0568467071736116,0.445614543281041,0.121438928397893,0.0314123352405468,2.28711959156057,1.62017182343197,0.379828176566605,1,0.537695207678894,0.282944028298246,0.333164813017307,0.297419299686475,2.5895609742225,1.82635985191109,0.173640148088026,1,0.676896750055124,0.271441428420713,3.57258916205971e-06,0.156654632854414,0.386228223987011
43,"pharynx_PWTP_midsagittalTrace_matlabProcDistance","PWTP","ACE","C","familiality",-0.519395521604565,10.1710116957291,8,0.253227763798828,2860.18042974422,2932.73285201803,0.0441853895223116,0.0521279415251886,0.250071648546485,0.186316119992129,0.0583566563618602,1.54185492689797,1.67382195484106,0.326178045158384,1,0.567918307698873,0.304144289136193,0.0677375702146816,0.0016174487710652,1.30691328940796,1.48060447897387,0.519395521026533,1,0.471099649454119,0.445784062317322,4.45535950985843e-05,0.231768026821707,0.659800097812936
44,"hardPalate_HNSL_nsa_nsp_distance","HNSL","ACE","C","familiality",-3.39672936572333,12.6055082841841,8,0.126162962118796,2439.17189983404,2512.29173605044,0.0634491446333707,0.0563117701432082,0.30390978880669,0.0236083038825827,0.00546344464895882,1.05811085483704,-0.322294433739899,2.32229443373964,1,0.127531789739436,0.483918824340064,0.000191456558953584,0.108975014402,1.12608568495055,-1.39672936577063,3.39672936577037,1,0.0653258272277646,0.212171386853246,1.61977902646271e-07,0.13278673383539,0.291556039871103
45,"hardPalate_HHPL_hpa_hpp_distance","HHPL","ACE","C","familiality",-0.940862529880178,14.6697232368812,8,0.0658947189719751,3038.30283603062,3111.56204563334,0.0760900145209128,0.0486312195954473,1.1352498357461e-11,NA,1.1352498357461e-11,1.1352498357461e-11,2.00000000000955,-9.99200722162641e-12,1,1,0.509137571477443,0,0.360431431153934,0.683462841571039,1.05913747976865,0.940862520230905,1,0.332056122204809,0.490862428511205,2.57654342306068e-09,0.329346723270016,0.652378133752394
46,"hardPalate_HMTC_midsagittal_completeTrace_meanCurvature","HMTC","ACE","C","familiality",-0.0699039915361936,8.19076199826021,8,0.415061393959429,3221.44826005128,3294.28640147004,0.0130044318093711,0.0412655553602204,0.407391261205906,0.573617791294149,2.51157872595813,8.18726828648515,1.94713204683239,0.0528679531674303,1,0.818145913614207,0.450962977221275,0.489155918912255,1.5164143074922,6.62806720387971,1.93009599509105,0.0699040049093504,1,0.79147660005493,0.141645761572819,0.744965429106809,-0.711823177792351,0.995114700937989
47,"hardPalate_HMDC_midsagittal_domeIndices1to15_meanCurvature","HMDC","ACE","C","familiality",-1.90664364576014,25.2267701151213,8,0.00142277514389477,3240.6065549581,3313.79619927329,0.122498560452045,0.0725496172699758,9.47434493125948e-12,NA,9.47434493125948e-12,9.47434493125948e-12,1.99999991411869,8.58823021587796e-08,1,0.99976617448795,0.529981212156078,4.30392477213104e-09,0.235233460957799,0.942816624135794,0.0933563063326801,1.90664369366748,1,0.167336559673373,0.470018787834448,0.0092183325002082,0.116227208763279,0.823810366905618
48,"hardPalate_HMAC_midsagittal_alvRidgeInds15to19_meanCurvature","HMAC","ACE","C","familiality",-0.514988394372267,9.89011697248247,8,0.272823163600713,3143.48771224331,3216.32585366207,0.0409345283825635,0.0366591189813663,2.75805245735259e-11,NA,2.75805245735259e-11,2.75805245735259e-11,2.001846830673,-0.0018468306735766,1,1,0.00598108490398374,3.08925936083337e-05,0.00167769094357268,0.0129311745655961,1.48953884957564,0.510461150424648,1,0.474939295716664,0.994018915068436,0,0.988392174401763,0.999645655735109
49,"hardPalate_HCCC_coronalCanine_completeTrace_meanCurvature","HCCC","ACE","C","familiality",-0.626820087331453,5.01515329573106,8,0.755955305720476,3024.7015019822,3097.10951929655,0,0.0379796223725447,0.0787515860606522,0.760524692908543,2.3224103506579,4.34805867309693,1.98497016597594,0.0150298340241619,1,0.90242684507064,0.473172470786613,0.0312656523619252,0.00382797053236724,1.72628082950847,1.37317991269629,0.626820087303301,1,0.428524131478722,0.448075943152735,0.00377010915461384,0.144907624182198,0.751244262123272
50,"hardPalate_HP2C_coronalPM2_completeTrace_meanCurvature","HP2C","ADE","D","broad sense heritability",0.226209753835064,5.95755520478485,8,0.651986473714444,3200.47320279077,3273.66284710596,0,0.0387499532259688,1.70403893060211e-10,NA,1.70403893060211e-10,1.70403893060211e-10,1.99999999965758,3.42052608459653e-10,1,0.999985243392879,0.233508032621846,0.0117206237998178,0.0115470309679716,0.737874583404526,1.77379025333312,0.226209746666385,1,0.634348598284147,0.76649196720775,3.52348515004763e-05,0.403328201802423,1.12965573261308
51,"hardPalate_HM2C_coronalM2_completeTrace_meanCurvature","HM2C","ADE","D","broad sense heritability",0.0183378317105962,7.80886453790401,8,0.452360221169062,3173.94118846189,3246.92067322511,0,0.0390027666998249,0.222228250259396,0.74342501838477,5.52883452567545,10.8515508107834,1.98695679441971,0.0130432055802103,1,0.909073818479308,0.266454954080442,0.701850301342851,4.52237017143872,9.97910412741837,1.98166218755887,0.0183378124410432,1,0.892282042148209,0.511316795660162,0.0123925990121834,0.110574141647929,0.912059449672396
52,"hardPalate_HBPL_basion_prosthion_distance","HBPL","ACE","C","familiality",-3.1586124284695,8.79257111147998,8,0.360095603323646,1887.92425464957,1961.11389896477,0.0262753297648356,0.0327811035426832,0.441902728080525,2.27066555980038e-06,0.151452849563268,0.884250330217013,-7.82542856715372,9.82542856715315,1,0.0017211559218839,0.390604439868465,2.22865830923347e-05,0.112980804597277,0.835105244848781,-1.15861242856931,3.15861242856957,1,0.0755273537340465,0.16749283205101,3.53047147072516e-10,0.115164702135939,0.21982096196608
53,"hardPalate_HNAP_nsa_prosthion_distance","HNAP","ACE","C","familiality",-1.12448899223364,8.58941632423776,8,0.378106156933837,3145.61052315095,3218.66030675632,0.0227383346656359,0.0450279648131583,8.5720383880727e-09,0.999999973012556,28783057.4068502,28783055.4199754,2.00000000381715,-3.81784381886519e-09,1,1,0.636179822128653,0.00775696229670864,0.0442904394796576,1.91757325105643,0.875511007773639,1.12448899222633,1,0.288953907037518,0.363820169299309,0.000360009741110279,0.163955507576516,0.563684831022102
54,"hardPalate_HCTH_coronalCanineTrace_height","HCTH","ACE","C","familiality",-0.509177086737964,4.46577308194153,8,0.812847557731496,3006.99575540301,3080.1155916194,0,0.0325831056679484,0.257152747219802,0.34076457335259,0.287504161991674,2.40373629883215,1.68699384043839,0.313006159561751,1,0.575841317765874,0.314149896359862,0.221522993964248,0.114325405602732,2.12897843846021,1.49082291336799,0.509177086631689,1,0.47549530611671,0.428697356420336,5.20466189968261e-05,0.221040089013974,0.636354623826698
55,"hardPalate_HPTH_coronalPM2Trace_height","HPTH","ADE","D","broad sense heritability",1.52230107899913,9.22002955586719,8,0.324076042315092,3023.01188726331,3096.2015315785,0.0325997471702428,0.0366247573274538,1.02707396971164e-11,NA,1.02707396971164e-11,1.02707396971164e-11,2.0000000000673,-6.76667610832737e-11,1,1,0.778724417145759,0,0.653400538432752,0.915036344644878,0.477698921007232,1.52230107899312,1,0.2172716032514,0.22127558284397,0.000915659031112126,0.0904576802227219,0.352093485465218
56,"hardPalate_HMTH_coronalM2Trace_height","HMTH","ADE","D","broad sense heritability",0.00576137742109495,7.87433313543237,8,0.44584106477136,3013.03724996136,3085.87539138012,0,0.0368562629001801,0.530131160824542,0.126442820221067,0.0422967628168768,2.7617916153406,1.66492864314068,0.33507135685951,1,0.562688038618159,0.0684779015023796,0.847351254665052,5.77290629916314,8.56178592544349,1.99423862256026,0.00576137744055849,1,0.939495682956982,0.401390937673078,9.98705543797662e-06,0.223299241984387,0.579482633361769
57,"hardPalate_HICH_intercanine_height","HICH","ACE","C","familiality",-0.323394032731358,7.00491814756444,8,0.53610212883585,3062.53729185209,3135.30438523877,0,0.0361105187510076,0.229797046554666,0.386396287712296,0.366443550754939,2.44637388365384,1.80029400314879,0.199705996851884,1,0.654958261600454,0.2787953848678,0.263932125487935,0.158684399146508,2.11520276184671,1.67660596725955,0.323394032741317,1,0.569575059354933,0.491407568577534,2.53063193533798e-06,0.286729801568399,0.696085335586669
58,"hardPalate_HIPH_interPM2_height","HIPH","ACE","C","familiality",-0.0339630479415973,2.63145467038165,8,0.955318949682639,3047.28584567121,3120.05293905788,0,0.0365649958186193,0.454447202716921,0.0200180734681299,0.0112545863742308,1.54297724278095,0.949127760561623,1.05087223943778,1,0.305306287801101,0.0796258116409901,0.656514389822175,0.924312205478337,2.32798168499197,1.96603695205795,0.0339630479419872,1,0.853785439448358,0.465926985642089,1.52083649052059e-06,0.276012404970137,0.65584156631404
59,"hardPalate_HIMH_interM2_height","HIMH","ACE","C","familiality",-0.00835568912270901,7.9520619652528,8,0.438166844424069,2956.73586603214,3029.28828830595,0,0.0361059167204484,0.43741345718102,0.0655500834454887,0.0018105700112976,1.86403208064168,1.43613405122869,0.563865948771692,1,0.452706773329281,0.0540639717275634,0.805857622905435,2.6300031292325,4.35457418120464,1.99164431090821,0.00835568909174889,1,0.927167246469889,0.508522571091416,1.89463272870505e-06,0.299325955122812,0.71771918706002
60,"hardPalate_HICL_intercanine_incisionSuperior_distance","HICL","ADE","D","broad sense heritability",0.0159834168562156,8.90113476349683,8,0.350704702052839,3066.17682584236,3139.08576379522,0.0282144545363753,0.050936913750742,0.573112836432768,0.135971365258252,0.0567094399237701,3.07028111366925,1.64713649015539,0.352863509844177,1,0.552496625416684,0.121173417849204,0.759383695129842,3.5321636439511,6.63373894397463,1.98401658333751,0.015983416662614,1,0.899395087924865,0.305713745718029,0.00642699716007589,0.0858413262186779,0.52558616521738
61,"hardPalate_HIPL_interPM2_incisionSuperior_distance","HIPL","ADE","D","broad sense heritability",0.598505305177241,9.89787926733745,8,0.272266772739314,2861.66207866877,2934.57101662164,0.0409459618391625,0.0471169900288611,0.00486764929938475,0.990069389646411,119.1757316634,122.241788984747,1.99995373046568,4.6269534664134e-05,1,0.994572694377166,0.548555740063239,0.165622017221204,0.0938832064614843,3.1958521382284,1.40149469492189,0.598505305078824,1,0.439148888837518,0.446576610637376,4.79357242788581e-09,0.297064048294883,0.59608917297987
62,"hardPalate_HIML_interM2_incisionSuperior_distance","HIML","ACE","C","familiality",-1.50128034219733,5.79918969643882,8,0.669714033251901,2699.93299382243,2772.77113524119,0,0.0298182424855161,0.243114574594683,0.249496573669412,0.119803894256131,1.77491669133084,1.47700804166425,0.522991958335433,1,0.469568180802053,0.419590996806446,0.0371167397174854,0.00149715172193636,1.57960615336573,0.498719657831771,1.50128034216808,1,0.220474465424773,0.337294428598871,1.80496382884421e-06,0.198821749667797,0.475767107529946
63,"hardPalate_HICL_intercanine_prosthion_distance","HICL*","ACE","C","familiality",-0.282831031853675,7.10426462038755,8,0.525426290542082,3045.89070941514,3118.79964736801,0,0.0404124772790693,0.234936974877388,0.315812186002798,0.213777381068281,2.04995563441815,1.86853888469159,0.131461115308674,1,0.716921888959536,0.347232647208602,0.102145506632155,0.0137634859386816,1.67921913063044,1.71716896864291,0.282831031357174,1,0.594851633874103,0.41783037791401,0.000261601657371768,0.193503801889776,0.642156953938243
64,"hardPalate_HIPL_interPM2_prosthion_distance","HIPL*","ACE","C","familiality",-0.974912313193272,3.17563336322946,8,0.922856748210508,2802.0777207564,2874.91586217516,0,0.0245356543519638,0.270727778813888,0.102928114183141,0.0110278214003992,1.31249922922114,1.28557466233724,0.714425337663134,1,0.397978609979636,0.333439654037683,0.0286347842235837,0.00363546020444542,1.19812704692822,1.02508768684174,0.974912313158828,1,0.323458110244536,0.395832567148429,5.06984762393969e-07,0.241399534016084,0.550265600280774
65,"hardPalate_HIML_interM2_prosthion_distance","HIML*","ACE","C","familiality",-3.54135670680853,4.65930228082486,8,0.793291948973589,2689.75464940426,2762.45044146765,0,0.0368019359421451,0.0149845760343342,0.929873243098613,6.77999629402038,8.11489574253979,1.99779559023227,0.00220440976768899,1,0.962552167309152,0.673639235405316,2.89097751227096e-05,0.190169592759859,1.4530522749822,-1.54135670681626,3.54135670681684,1,0.0598564828154899,0.31137618856035,1.12148285968949e-06,0.186035758393155,0.436716618727544
66,"hardPalate_HACL_hpa_intercanine_distance","HACL","ACE","C","familiality",-0.161065017226974,4.41343950976321,8,0.818029448471928,3120.54511156169,3193.31220494836,0,0.0298917371547686,0.201527225263327,0.275259394309037,0.127829983147165,1.57595099385706,1.59981071392394,0.400189286076348,1,0.526991517858479,0.108234873806873,0.488934147694943,0.363378337288358,1.58959164129117,1.83893498305133,0.161065016949012,1,0.688177868663649,0.6902379009298,3.34519049536297e-05,0.364141773751637,1.01633402810796
67,"hardPalate_HAPL_hpa_interPM2_distance","HAPL","ACE","C","familiality",-0.513308470990978,0.47646676195712,8,0.999888990126119,2951.89483479616,3024.80377274902,0,0.0136336874171302,0.235446130265937,0.170242875569247,0.0433611097263713,1.3893080830612,1.5783956130731,0.421604386926948,1,0.516137570140363,0.24906551609368,0.0965098520912495,0.00800440405788725,1.18286640248411,1.48669152901903,0.513308470981118,1,0.473710141052311,0.515488353640382,1.03025940223489e-07,0.325621628582706,0.705355078698059
68,"hardPalate_HAML_hpa_interM2_distance","HAML","ACE","C","familiality",-2.64519331891734,5.76925108131575,8,0.673061112713706,2811.20118484465,2883.96827823133,0,0.0335733067266875,0.112633617862938,0.527335153335499,0.49710245727797,1.89412896323841,1.88292097575186,0.117079024248089,1,0.732224373264203,0.549932692731957,0.000880417310704651,0.0927813579388226,1.38897683231981,-0.645193318916427,2.64519331891665,1,0.103863521686106,0.337433689405105,3.03739962619343e-05,0.178859169953654,0.496008208856555
69,"hardPalate_HARC_hpaIntercanineProj_occlusalPlane_alvRidge_angl","HARC","ACE","C","familiality",-0.699520814758216,14.9673695408053,8,0.0597830527769311,3174.00925698943,3247.26846659214,0.0777692988106782,0.0629125133114439,1.20162360839696e-06,0.999996274108194,211683.17840745,211681.161033741,2.00000039101815,-3.91018529555254e-07,1,1,0.30424289182716,0.219667233259683,0.108371194764934,2.05166132233262,1.30047918465107,0.699520815348167,1,0.402944754081658,0.695755906549231,3.12353719333913e-07,0.429199978328353,0.96231183477011
70,"hardPalate_HARF_frontSegSlope_occlusalPlane_alvRidge_angle","HARF","ADE","D","broad sense heritability",0.011456654966878,1.75642656971496,8,0.987590299386422,3117.27516186427,3189.8993975007,0,0.0190427660177696,2.06437364935892e-08,0.999999973412346,71417488.4170272,71417493.2738968,2.00000010647136,-1.06471351735138e-07,1,1,0.03710973918229,0.953845598013703,45.1056921067729,40.079020676708,1.98854339042327,0.0114566095763999,1,0.914760774653418,0.962890240173974,0.000265766051963601,0.445354263315338,1.48042621703261
71,"hardPalate_HACP_canPM2Proj_occlusalPlane_postAlvSlope_angle","HACP","ACE","C","familiality",-0.39983679526722,3.16196598518386,8,0.923785718633343,3046.90369610697,3119.8831808702,0,0.0292887673008222,2.6362927036605e-13,NA,2.6362927036605e-13,2.6362927036605e-13,2.00000000000045,-4.83169060316868e-13,1,1,0.228617112752343,7.8124963431847e-06,0.0720929633818025,0.473037352433285,1.60016320661771,0.399836793381471,1,0.52717355558311,0.771382887247394,4.64073224293315e-14,0.570910691210122,0.971855083284666
72,"hardPalate_HDMP_m2PM2Proj_occlusalPlane_palateDome_angle","HDMP","ADE","D","broad sense heritability",0.386778380981923,30.5370594677754,8,0.000169804795360884,2572.59695773295,2643.96384780817,0.14664524450669,0.0960218223272652,8.45002520713889e-13,NA,8.45002520713889e-13,8.45002520713889e-13,2.00000000007776,-7.67812480262364e-11,1,1,0.446608796277521,7.45520534195521e-10,0.207498953488148,0.776258596617123,1.61322161908902,0.386778380912041,1,0.533997701196988,0.553391203721634,0.000136731208730145,0.269011381762723,0.837771025680545
73,"hardPalate_HMSP_midsagittalTrace_matlabProcDistance","HMSP","ACE","C","familiality",-1.47352781106702,13.8160858701488,8,0.0866868172860755,3104.32889871475,3176.88132098856,0.0723207649896971,0.0591135298484253,9.34009167429363e-12,0.999285888649428,4.47505862537258e-05,4.4832401320403e-05,1.99997222758566,2.77724138992852e-05,1,0.995795204625752,0.249081654031852,0.165790569218337,1.45181171989831,0.0427455131043586,0.52567649604589,1.47432350395388,1,0.224664779150718,0.750918345958808,0.0367072964678827,0.0463852804959722,1.45545141142164
74,"hardPalate_HCCP_coronalCanineTrace_matlabProcDistance","HCCP","ACE","C","familiality",-1.14554915933331,6.29435239912107,8,0.614296960498241,3086.56932249714,3159.12174477095,0,0.0370980624538145,1.92085246460662e-10,NA,1.92085246460662e-10,1.92085246460662e-10,2.00000000095952,-9.59375690001707e-10,1,1,0.28003382421732,0.0336217652795825,0.00168113726045718,1.03502700656347,0.854451924855766,1.1455480751447,1,0.284483036290337,0.719966175590595,0.00631150424915905,0.203293238701517,1.23663911247967
75,"hardPalate_HCPP_coronalPM2Trace_matlabProcDistance","HCPP","ADE","D","broad sense heritability",0.980851217962481,18.3496264941817,8,0.0187527099367157,2966.79354675523,3039.34596902905,0.0964739243024106,0.0702558131920561,3.93823682854246e-12,NA,3.93823682854246e-12,3.93823682854246e-12,2.00000000008549,-8.55671089539101e-11,1,1,0.492391865989241,0,0.288226432774842,0.750901194186987,1.01914878219804,0.98085121780144,1,0.321988744526257,0.507608134006821,1.70322605119733e-05,0.27627075212638,0.738945515887262
76,"hardPalate_HCMP_coronalM2Trace_matlabProcDistance","HCMP","ADE","D","broad sense heritability",1.35169311053005,16.1409694344562,8,0.0404062791987702,2969.49198353458,3041.68141943828,0.0863429222038697,0.0619112538611486,8.36521597742204e-12,NA,8.36521597742204e-12,8.36521597742204e-12,1.99999999051852,9.4818304319233e-09,1,0.999922306237624,0.47461973155462,6.0897411418015e-06,0.152418840702418,0.975046555958728,0.648306759993375,1.35169324000665,1,0.244982320325295,0.525380268437014,0.0122969859520781,0.114066408191714,0.936694128682315
77,"softPalate_SPUN_uvula_nsp_distance","SPUN","ACE","C","familiality",-0.548076816675348,11.1493254042149,8,0.193380931838389,2871.68252671289,2944.87217102808,0.0523766628569811,0.0459138272299368,0.430682905306851,0.00291113540000842,0.0502637795698297,1.18446841766953,-0.258253462918219,2.2582534629189,1,0.13290387572929,0.227343014825202,0.0838174904103832,0.00405863598422148,1.03493477197258,1.45192318333375,0.548076816666196,1,0.459104572232006,0.341974079867947,1.21588218005009e-06,0.203863118459374,0.48008504127652
78,"denition_DICD_intercanine_distance","DICD","ADE","D","broad sense heritability",0.196793919059019,2.28516053201161,8,0.970997904041709,2659.44085220334,2732.56068841974,0,0.0275548091859841,0.423437817337508,0.350712664874478,0.512586892680698,4.06987748292537,1.39312332669397,0.606876673306083,1,0.435966227237888,0.233200379250593,0.609061599130122,1.87090755678218,5.4458183880542,1.80320608094053,0.196793919059491,1,0.657321243574508,0.3433618034119,4.96487939649626e-09,0.228290485428967,0.458433121394832
79,"denition_DIPD_interPM2_distance","DIPD","ADE","D","broad sense heritability",0.469558120004422,2.52564268245939,8,0.960524452419466,2556.10912595958,2629.43765972183,0,0.0418344705744879,0.302422941919535,0.398946152089665,0.529816184638239,3.34065039062662,1.668161100014,0.331838899985806,1,0.564578278185059,0.344451347906291,0.340137836633555,0.38316507449802,3.21414203964894,1.53044187999967,0.469558119999238,1,0.493190524256807,0.353125710174174,7.18736181681834e-10,0.240804384097755,0.465447036250593
80,"denition_DIMD_interM2_distance","DIMD","ACE","C","familiality",-2.44886048770059,9.93460965683841,8,0.269645506967559,2588.62810114689,2662.0257196065,0.0408383024322799,0.0421839492314492,0.298032660873553,0.0122474601516098,0.0141063682334939,0.946879082683218,0.0526440521857694,1.94735594781493,1,0.162872057669367,0.395501130808784,0.000413881010049133,0.0782972108728483,0.956408157613521,-0.448860487701495,2.44886048770175,1,0.117610219278427,0.306466208317663,4.05937949921054e-10,0.210386723546583,0.402545693088744
81,"denition_DIIL_apexInferior_incisionInferior_distance","DIIL","ACE","C","familiality",-6.04062806814909e-05,2.27709841694292,8,0.971316534067993,3167.33662606332,3240.24556401618,0,0.0244635647541902,0.708785921298194,0.0645483278240111,0.0025833892156734,3.0088910848921,1.2146310810881,0.785368918911398,1,0.375504146545204,0.00582687399172956,0.98668202033387,78.9706521844874,81.7073399761703,1.99993959928361,6.04007159648035e-05,1,0.993799071369761,0.285387204710076,0.151822219090991,-0.104912860391846,0.675687269811998
82,"denition_DSIL_apexSuperior_incisionSuperior_distance","DSIL","ACE","C","familiality",-0.185847121201277,10.8621942801036,8,0.209630392132093,3064.2479716818,3137.50718128452,0.0498451968189842,0.0603196455897573,0.433423493831697,0.00840685496694382,0.028462334450531,1.31788172008927,1.18201310898985,0.817986891009408,1,0.365769409764547,0.205165976131283,0.165666525179293,0.0351386173895895,1.19543170173622,1.81415287904838,0.185847120951316,1,0.666395735735439,0.361410530037019,0.000101560847290516,0.179166594616338,0.5436544654577
83,"denition_DMAC_maxillaryDentalArch_completeTrace_meanCurvature","DMAC","ACE","C","familiality",-0.635078247474667,4.6620673370575,8,0.793008335360693,3159.6924149677,3232.53055638646,0,0.0299296664840113,2.11220903505028e-12,NA,2.11220903505028e-12,2.11220903505028e-12,2.00000000018508,-1.84191328855832e-10,1,1,0.401985928185256,4.81480595393435e-07,0.149883131007423,0.775984416167879,1.36492175060039,0.635078249400269,1,0.425498674210385,0.598014071812632,0.000181057352229175,0.284963430200564,0.9110647134247
84,"dentition_DDAP_dentalArchTrace_matlabProcDistance","DDAP","ADE","D","broad sense heritability",1.57742193412832,17.8689344019207,8,0.0222308577550473,3160.92634182256,3233.90582658578,0.0932064496438517,0.0731169761694852,3.11942153925051e-12,NA,3.11942153925051e-12,3.11942153925051e-12,2.00000000003729,-3.71791486486472e-11,1,1,0.752852132763244,7.94600030218362e-09,0.328235256824876,1.35122687727304,0.422578066335973,1.57742193366458,1,0.209132434282526,0.247147867233636,0.343624444967135,-0.264347940781716,0.758643675248989
85,"denition_DAIS_incisionSupApexSupLine_nsaNspLine_angle","DAIS","ACE","C","familiality",-0.0349978269682651,9.01920623917031,8,0.340678331912509,2885.594084498,2958.78372881319,0.0297961459398045,0.0718124681052118,0.347344143581539,0.0513555504976542,1.20302928532171e-05,1.39756530494923,1.20301764650821,0.796982353492073,1,0.371997130429983,0.0746607758551901,0.641112305558237,0.766740503554609,2.02242438667067,1.965002173024,0.0349978269757187,1,0.851600212834911,0.577995080563271,2.95696356289454e-10,0.398206756352815,0.757783404773726
86,"denition_DAII_incisionInfApexInfLine_nsaNspLine_angle","DAII","ADE","D","broad sense heritability",6.78375780635224,12.59417618042,8,0.12659658657613,2858.78017900523,2932.10871276748,0.0630412630593187,0.0618551756210978,5.1627039286819e-14,NA,5.1627039286819e-14,5.1627039286819e-14,1.99999999985675,1.42545530934512e-10,1,0.999990473862092,0.647425629593565,0,0.541795704759628,0.762456475033728,-4.78375780638635,6.78375780638549,1,0.0091991023371358,0.352574370406383,3.76897846265933e-10,0.24224398345363,0.462904757359136
87,"denition_DAIM_incisionInfApexInfLine_mentonGonionMeanLine_angl","DAIM","ADE","D","broad sense heritability",4.40949125512134,12.0291542104729,8,0.149907826401024,2859.31254967938,2932.64108344163,0.05903750941317,0.0402811967188137,1.30996061792079e-14,NA,1.30996061792079e-14,1.30996061792079e-14,2.00000000047294,-4.72942573992441e-10,1,1,0.733242350719965,0,0.621579682073842,0.854123793282504,-2.40949125518182,4.40949125518177,1,0.0357394982295607,0.266757649280022,6.90306665585005e-06,0.150485594730365,0.383029703829678
88,"denition_DAIP_incInfApexInfLine_pogGonMeanLine_angle","DAIP","ADE","D","broad sense heritability",4.56031581440902,10.8939682702324,8,0.207779792205152,2865.99557704981,2939.32411081205,0.05003431582141,0.0335840658876927,1.01749463909859e-10,NA,1.01749463909859e-10,1.01749463909859e-10,2.00000000070077,-7.01604108144238e-10,1,1,0.724809289267743,0,0.615991294979124,0.842473430851375,-2.56031581423304,4.56031581423293,1,0.032721039133891,0.275190710630508,1.90763608132194e-06,0.161949642653454,0.388431778607562
89,"oralCavity_OCHW_intercanHeight_intercanDist_HWRatio","OCHW","ACE","C","familiality",-0.692831947150808,6.23053259179079,8,0.621426111173244,3039.70294156837,3112.47003495504,0,0.0381700127254067,0.17735604778302,0.5140366354103,0.711892410816786,2.84263106077459,1.86135990358662,0.138640096413549,1,0.709636700548245,0.380518023704207,0.13996335081481,0.0409261915047976,2.06216805318088,1.30716807434419,0.692831925655497,1,0.405202804939619,0.442125928512773,8.48076799209174e-06,0.247512309324863,0.636739547700683
90,"oralCavity_OPHW_interPM2Height_interPM2Dist_HWRatio","OPHW","ACE","C","familiality",-0.0142326388468064,3.72968762261275,8,0.88065150062602,2979.14281231853,3051.90990570521,0,0.0403280400538765,0.449447915846734,0.0371725295810583,0.00158885434807423,1.69248937495313,0.778119413994318,1.22188058600544,1,0.268991901777014,0.0475174702588615,0.811804653960512,2.48506754441487,4.04967224499034,1.98576736115319,0.014232638846206,1,0.905037189285484,0.503034613894405,9.02614605280405e-08,0.318587058021638,0.687482169767172
91,"oralCavity_OMHW_interM2Height_interM2Dist_HWRatio","OMHW","ACE","C","familiality",-0.0314067002059346,11.161013329778,8,0.192741814600168,2936.09392564964,3008.50194296399,0.0535092208105802,0.0474620923784793,0.347110094865625,0.134559610288406,0.0333186166498593,1.85192599970281,1.60501604254478,0.39498395745508,1,0.529691187138019,0.0975436526974455,0.646013271978006,1.04124806369755,2.70620666872135,1.96859330109601,0.0314066989036146,1,0.859336095152379,0.555346252436929,3.40149098221332e-07,0.341911436649483,0.768781068224376
92,"oralCavity_OCHL_intercanHeight_intercanHPADist_HLRatio","OCHL","ACE","C","familiality",-1.10415413247119,14.1135840793491,8,0.0788525073004516,3077.03643128769,3149.80352467436,0.0737504694438831,0.0621994698698816,7.69267877302332e-11,NA,7.69267877302332e-11,7.69267877302332e-11,2.00000000031787,-3.1789326726539e-10,1,1,0.560997049079851,0,0.328555517138519,0.855249676556316,0.89584587667423,1.1041541233261,1,0.293356252022061,0.439002950843222,0.00108584283417867,0.175655873417652,0.702350028268793
93,"oralCavity_OPHL_interPM2Height_interPM2HPADist_HLRatio","OPHL","ADE","D","broad sense heritability",0.00488025339063825,2.97427694522037,8,0.935961409540577,3079.39233966721,3152.01657530364,0,0.0284376537668621,0.417073503649256,0.280036583948871,0.27661137842434,3.30353574303532,1.81702600451172,0.182973995488284,1,0.668829795618259,0.0681284040073582,0.864554494780389,7.4969120891844,10.6281041568613,1.99511974666939,0.00488025333042508,1,0.94430603787612,0.514798092343386,1.4891491399105e-05,0.281791447153277,0.747804737533495
94,"oralCavity_OMHL_interM2Height_interM2HPADist_HLRatio","OMHL","ADE","D","broad sense heritability",0.202646853765145,14.8424226879873,8,0.0622828528399361,2940.30424701896,3012.49368292266,0.07915778447177,0.0489760945391044,1.71614812095024e-12,NA,1.71614812095024e-12,1.71614812095024e-12,1.99999999987176,1.28412835920244e-10,1,0.999990958421024,0.393859231031057,6.43337605410466e-10,0.183636552501638,0.683326656170499,1.79735328278048,0.20264671721911,1,0.65259292058457,0.606140768967227,1.98443042442875e-06,0.35629571778808,0.855985820146373
95,"oralCavity_OCLW_intercanDist_intercanHPADist_WLRatio","OCLW","ACE","C","familiality",-9.07284675122355e-06,4.84269007007553,8,0.774249747905282,3016.18410162428,3088.44666375204,0,0.0397910832322833,0.245961846693664,0.308760061716142,0.210740244948892,2.10527141719734,1.74221843326586,0.257781566734168,1,0.61164836083615,0.00123275721327175,0.995410738212829,142.301883164353,143.982158565844,1.99999251728195,7.48271847150761e-06,1,0.997817424766848,0.752805396093064,4.68843019518772e-07,0.459974302626475,1.04563648955965
96,"oralCavity_OPLW_interPM2Dist_interPM2HPADist_WLRatio","OPLW","ACE","C","familiality",-0.334286299502764,10.3785802308189,8,0.239453198859246,2881.76995008319,2954.39418571961,0.0461664845190589,0.0567157830750074,0.371652618811793,0.0263035094047077,0.0051581822265534,1.31663205100634,0.686838195653763,1.31316180434589,1,0.251822990450474,0.175268884782143,0.255693565007016,0.0919647013486489,1.30087565703972,1.6657137008583,0.334286299141462,1,0.563145993869794,0.453078496406064,4.20574648440919e-08,0.291090242622728,0.6150667501894
97,"oralCavity_OMLW_interM2Dist_interM2HPADist_WLRatio","OMLW","ACE","C","familiality",-3.7179418418782,5.93889895688583,8,0.654076126149968,2612.18430418994,2685.16378895316,0,0.0366968424546519,0.117925548362227,0.362583127356677,0.156698567561703,1.1721472388076,1.77824611371079,0.221753886289903,1,0.637706782285368,0.494895914401029,2.66760625100559e-05,0.140782602086718,1.06454252749715,-1.71794184188502,3.71794184188581,1,0.0538306861880894,0.387178537236744,8.35793212417002e-10,0.263545608716173,0.510811465757315
98,"oralCavity_OCPR_intercanDist_interPM2Dist_ratio","OCPR","ADE","D","broad sense heritability",0.416405585303437,9.2929531968272,8,0.318188766826397,3007.19856411066,3080.17804887388,0.0337366718183057,0.0538773179226876,1.88586208192534e-12,NA,1.88586208192534e-12,1.88586208192534e-12,1.99999999999045,9.51061451814894e-12,1,0.999997539381125,0.425133248478121,0,0.264566378827654,0.623601916497487,1.58359441469202,0.416405585307576,1,0.518736058253016,0.574866751519994,3.46591422228926e-10,0.395348981651401,0.754384521388586
99,"oralCavity_OCMR_intercanDist_interM2Dist_ratio","OCMR","ACE","C","familiality",-0.0390379619011583,16.5373107237361,8,0.0353042959243635,2949.79940567674,3022.6375470955,0.0869973440724059,0.0535409445459561,0.408555800283324,0.117084130230713,0.0256718596469366,2.06954636934038,1.21126143385754,0.788738566143202,1,0.374481828114178,0.0883964384147926,0.72005752920675,1.76539142621363,3.69912560067534,1.96096203807247,0.0390379619289902,1,0.843373475047757,0.503047761301884,1.34708778132264e-07,0.316041813137556,0.690053709466212
100,"oralCavity_OPMR_interPM2Dist_interM2Dist_ratio","OPMR","ADE","D","broad sense heritability",0.0345543858893507,5.95291954138983,8,0.652505721309291,2975.51155282156,3048.70119713675,0,0.0287856261542675,0.445102282525578,0.0666406432314048,0.00209648073217644,1.90469551936462,1.65562336079029,0.344376639209671,1,0.557313771356737,0.13640557388566,0.594707085272018,0.982612253386523,2.99265956008007,1.96544561420933,0.0345543857912363,1,0.852532514235865,0.418492143588762,1.3997679852551e-05,0.229668738958234,0.60731554821929
101,"mandible_MIGD_intergonial_distance","MIGD","ACE","C","familiality",-0.763318805948529,3.73819857863207,8,0.879937999608432,1272.94041182429,1346.3380302839,0,0.0458493694234067,0.683609580747457,9.82628955981113e-08,0.273283885376729,1.27881743455201,-25.5125892070162,27.5125892070157,1,1.56075263910165e-07,0.17966086650418,0.158923844305185,0.0275128338382316,1.02738160646479,1.23668120352499,0.763318796474515,1,0.382291905271151,0.136729552748362,1.92039717461512e-11,0.0968030092868443,0.17665609620988
102,"mandible_MICD_intercondylion_distance","MICD","ADE","D","broad sense heritability",0.0780092918387254,21.2334849540862,8,0.00655239011693298,662.82417068835,736.152704450599,0.106993697685262,0.0773125148991228,0.727617306548958,0.00136042112752266,0.109577665912295,1.89058255089836,0.430793933947143,1.56920606605677,1,0.210322349624296,0.13889572856439,0.54087074239908,0.675431477696277,2.45618081127782,1.92199070814195,0.078009291855281,1,0.780013504762183,0.133486964886653,2.22044604925031e-15,0.100492309609415,0.16648162016389
103,"mandible_MMPG_menton_pogonion_distance","MMPG","ADE","D","broad sense heritability",1.00002887142546,9.9991403811066,8,0.265086254510354,3136.10346477898,3209.29310909417,0.0417302226425906,0.0504959486182882,4.56747223452184e-12,NA,4.56747223452184e-12,4.56747223452184e-12,2.00000000000546,-6.20303808318567e-12,1,1,0.832550749353241,0,0.585434333863466,1.12306491615765,0.999971132659084,1.00002886734123,1,0.31730352291226,0.167449250642192,0.222126821807203,-0.101366037804273,0.436264539088657
104,"mandible_MPGL_pogonion_gonionLeft_distance","MPGL","ADE","D","broad sense heritability",0.547342474211746,7.90142140570871,8,0.443158444273548,2149.14104761672,2222.40025721943,0,0.062259466885491,0.336680089056039,0.176591985602724,0.0683001206522394,2.02158840486118,1.68130736123885,0.318692638761471,1,0.57239438240429,0.41243367424661,0.100249019472503,0.0152749618848871,1.98249751449194,1.45265752579644,0.547342474203463,1,0.459405595391895,0.25088623669735,9.03395136475638e-11,0.175029118308308,0.326743355086392
105,"mandible_MPGR_pogonion_gonionRight_distance","MPGR","ADE","D","broad sense heritability",1.88941984867006,5.48283281403137,8,0.70494122407571,2116.41414851885,2189.60379283404,0,0.0421017011693883,0.0904979066110867,0.786850022008406,3.53315139634717,6.15697521854595,1.97507213363269,0.0249278663674222,1,0.874546936089378,0.730872246189251,0.0293780463047049,0.00734732520623663,2.63771637336486,0.110580151329941,1.88941984867003,1,0.169267371484885,0.178629847199662,6.04544858617828e-10,0.12206264463146,0.235197049767864
106,"mandible_MCGL_condylionLeft_gonionLeft_distance","MCGL","ACE","C","familiality",-1.31593140987343,11.8084621943491,8,0.159956605159288,2660.11218523574,2733.37139483846,0.0574974500819647,0.0709208542848025,0.336265293226788,0.0474366619391782,4.29978872187934e-05,1.32989433337052,0.452597632250217,1.54740236775065,1,0.213519331791275,0.307193797419869,0.0586147821508343,0.000407697881588556,1.27394756299967,0.684068590132938,1.31593140986664,1,0.25132354280894,0.356540909353343,1.05901509783735e-10,0.248337542064721,0.464744276641965
107,"mandible_MCGR_condylionRight_gonionRight_distance","MCGR","ACE","C","familiality",-2.22163166361997,11.8918763349232,8,0.156093686808779,2629.77280248395,2703.17042094356,0.0579229298807323,0.0518166730378318,0.232697702001891,0.113709824432939,0.0133054965073496,1.1666688441061,1.34269871605375,0.657301283946337,1,0.417514311322497,0.436842145938498,0.00157081445262941,0.0630826307851485,1.14643733753198,-0.221631664122924,2.22163166412278,1,0.136089166343035,0.330460152059611,3.64798495855467e-08,0.212850102323132,0.448070201796089
108,"mandible_MCGD_condylionMean_gonionMean_distance","MCGD","ACE","C","familiality",-0.931071220790272,25.5110984536115,8,0.00127285228955343,2499.57090205133,2572.89943581357,0.12307724827488,0.0992945369507831,0.548876503716015,0.000162319574094294,0.126625463832253,1.26760415808548,-3.57488242968975,5.57488242968941,1,0.0182198882437234,0.235690354404445,0.0924015743485078,0.00639027640483462,1.10438707713344,1.06892877929249,0.931071220707231,1,0.334584723673303,0.21543314187954,1.59553910217269e-06,0.127445728140049,0.303420555619031
109,"mandible_MCPD_condylionMean_pogonion_distance","MCPD","ADE","D","broad sense heritability",2.42481704048464,6.32083366084543,8,0.611341800077144,1712.61736685897,1785.94590062122,0,0.0391084259135068,0.0867103519064959,0.762545626281225,2.61055356324469,4.86049567504669,1.97154742978569,0.0284525702145704,1,0.866049218848703,0.738065657140129,0.0101596955111867,0.0416212764327169,2.29280776372098,-0.424817040234529,2.42481704023465,1,0.119427184757773,0.175223990953374,4.19786427841018e-11,0.123164440415235,0.227283541491514
110,"mandible_MCMD_condylionMean_menton_distance","MCMD","ADE","D","broad sense heritability",2.5781304284626,13.3226127774071,8,0.101221093524143,1725.278649237,1798.60718299925,0.0678552600218724,0.0580491591581307,0.105390332582801,0.737473001675154,2.47610048512965,4.94102004596768,1.9586505436348,0.0413494563651327,1,0.838864871496385,0.742175588622846,0.0182960961153018,0.0212865932485094,2.4872223637431,-0.578130428659051,2.5781304286587,1,0.108349566048834,0.152434078794354,8.71765770682487e-10,0.103706005691193,0.201162151897514
111,"mandible_MGPD_gonionMean_pogonion_distance","MGPD","ADE","D","broad sense heritability",1.24506251150706,8.66748740366427,8,0.371117862553636,2229.83636238003,2303.02600669522,0.0241129637459494,0.0453056930825997,0.212586268241325,0.506020613010248,0.805962702802068,3.31202081047059,1.86867906855105,0.13132093144937,1,0.717066364407235,0.601571096767009,0.0607155692334285,0.00121825689330278,2.51578879343194,0.754937488449741,1.24506251155076,1,0.264497610376947,0.185842634991665,1.06941100419533e-09,0.126117536640307,0.245567733343024
112,"mandible_MGMD_gonionMean_menton_distance","MGMD","ADE","D","broad sense heritability",4.51009115078841,10.3839113835449,8,0.239107228065187,2364.98819740751,2438.31673116976,0.0454115302449839,0.0737818088717117,6.62931453778025e-11,NA,6.62931453778025e-11,6.62931453778025e-11,2.00000000060436,-6.04842398388428e-10,1,1,0.823923244750789,0,0.752920365003935,0.89812489889769,-2.51009115082525,4.51009115082473,1,0.0336954450163077,0.176076755182918,2.00072026323994e-06,0.103474488014408,0.248679022351429
113,"mandible_MCGM_gonionMeanConylionMean_gonionMeanMenton_angle","MCGM","ACE","C","familiality",-0.278060939039733,12.8245861841997,8,0.118029259660022,2153.72248896006,2226.91213327525,0.0648274726157733,0.0587382608783563,0.677166248561879,3.29071547788828e-09,0.302822596971276,1.20014006202047,-15.1071131404433,17.1071131404418,1,3.5329737015688e-05,0.12379447401649,0.271088252731323,0.0754864051044831,0.957338320267773,1.72193906095254,0.278060939046973,1,0.597974971459131,0.199039277421631,2.90878432451791e-14,0.14772542346365,0.250353131379612
114,"mandible_MCGP_gonionMeanConylionMean_gonionMeanPogonion_angle","MCGP","ACE","C","familiality",-0.0671969669192549,12.2381403751896,8,0.140890729203812,2223.3087982343,2296.49844254949,0.060759854416397,0.0506482766026415,0.761131777904032,2.35078623234131e-11,0.380125026674922,1.27309368032101,-20.9280170065454,22.928017006545,1,1.68182567663483e-06,0.0595547183961863,0.594740806214019,0.429116624857608,1.30678425795344,1.93280304263635,0.0671969573626594,1,0.795462600253815,0.179313503699782,3.68594044175552e-13,0.130948837576389,0.227678169823174
115,"skull_SHSW_headSideLeft_headSideRight_distance","SHSW","ACE","C","familiality",-0.191215889121622,17.1050430034407,8,0.0290336732580618,1307.76576818655,1381.0943019488,0.088748717050236,0.0508666153619994,0.695370875926327,1.29252164526861e-12,0.36425384764832,1.13261433633941,-15.311930818885,17.3119308188832,1,3.17189105111106e-05,0.100353834594093,0.293887575224687,0.0754849491723088,0.825042881405423,1.80878411086724,0.191215889131371,1,0.66190656446934,0.204275289479581,4.48530101948563e-14,0.151218090067712,0.257332488891449
116,"skull_SHBN_headBack_nasion_distance","SHBN","ACE","C","familiality",-2.0960876538777,25.5434171958213,8,0.00125681892069307,1169.19655067829,1242.45576028101,0.123404460050119,0.0630936208723278,0.617111768362911,0,0.372719581164699,0.922793844817244,-37.2424723321026,39.2424723321022,1,3.74308696103283e-10,0.273687991631831,9.94471171846811e-05,0.0674413455431384,0.618754095014499,-0.0960876539368201,2.09608765393708,1,0.147676585472167,0.109200240005258,5.57331958361829e-14,0.0807299844744583,0.137670495536057
117,"skull_SBAS_basion_sella_distance","SBAS","ADE","D","broad sense heritability",0.0154745473942057,9.72264794923412,8,0.285034526069102,2379.38583774669,2452.43562135207,0.0388728014466495,0.0497412434844778,0.698264133530101,0.00532447543630687,0.0614591403977081,2.02588100551315,0.410751015518599,1.58924898448207,1,0.207433465798971,0.0664189672711298,0.792940973950421,2.77753388081288,4.76125949038417,1.98452545273722,0.0154745472631941,1,0.901001159684908,0.235316899198769,5.02655626011261e-08,0.15069644671451,0.319937351683028
118,"skull_SBAN_basion_nasion_distance","SBAN","ACE","C","familiality",-1.79817646312699,14.4032395113395,8,0.0718419259789906,1796.21631256443,1869.33614878083,0.0748146866269382,0.081305461714086,0.579286529062474,6.3795128519839e-06,0.185411399049112,1.19164134221225,-13.0988581100321,15.0988581100322,1,0.000102024984359594,0.287061068622684,0.0245092022293754,0.00474280085671739,1.00539447487202,0.201823536899155,1.79817646310066,1,0.179933108026197,0.133652402314842,3.79787257198672e-08,0.0860244374580415,0.181280367171642
119,"skull_SBAP_basion_prosthion_distance","SBAP","ACE","C","familiality",-3.15861242846881,8.79257111147987,8,0.360095603323656,1887.92425464957,1961.11389896477,0.0262753297648337,0.0327811035426831,0.441902728080524,2.27066557267896e-06,0.151452849510908,0.884250330343526,-7.82542856715327,9.82542856715366,1,0.00172115592188342,0.390604439868466,2.22865853507503e-05,0.112980803555815,0.835105247680253,-1.15861242856977,3.15861242857019,1,0.075527353734018,0.16749283205101,3.53047147072516e-10,0.115164702187515,0.219820961914504
120,"skull_SBNA_basion_nsa_distance","SBNA","ACE","C","familiality",-0.364344711807462,5.59526998098152,8,0.69246356414529,1892.99496801541,1966.1846123306,0,0.0354396310857559,0.679417974657513,7.90713209974925e-06,0.214057325036055,1.40629475841182,-14.6869353375998,16.6869353376005,1,4.40835472560229e-05,0.134373098890386,0.372664400028797,0.193019316473931,1.37470551765991,1.63565529053812,0.364344709462548,1,0.546103140500433,0.186208926452102,2.19757545494303e-11,0.131673826709488,0.240744026194715
121,"skull_SBNP_basion_nsp_distance","SBNP","ACE","C","familiality",-0.000617674749264552,14.2509339859309,8,0.0754548601856283,2434.03518085015,2507.43279930976,0.0734080117886873,0.0381526134613213,0.801187619464869,4.30111701810176e-09,0.355615652791444,1.42526947408692,-19.2091094854086,21.2091094854086,1,4.11802602498102e-06,0.00538629967791524,0.967688401506195,12.0940762922211,13.1365412271508,1.99938232520617,0.000617674793780054,1,0.980172165101411,0.193426080857216,7.6572318952195e-07,0.116744183922216,0.270107977792216
122,"skull_SNNA_nasion_nsa_distance","SNNA","ACE","C","familiality",-2.04463742393273,14.0583786303637,8,0.0802564318327094,2547.92890236851,2620.83784032138,0.0731568492017453,0.0660338801226405,0.395151817737767,0.00624211188835133,0.0317190391355038,1.16450784738027,0.0824640464420554,1.91753595355806,1,0.166128549964543,0.473032430568193,0.000479740137941942,0.0910381326555696,1.15309326392386,-0.0446374239190845,2.04463742391882,1,0.152743371902801,0.13181575169404,0.0242859772827524,0.0171229404274472,0.246508562960634
123,"skull_SNNP_nasion_nsp_distance","SNNP","ACE","C","familiality",-0.463827016158575,12.2643818475428,8,0.139791894498882,2072.66051804778,2145.78035426417,0.0610541277072224,0.0724971896186766,0.768958183220282,7.88145104735349e-11,0.37528282651662,1.30234176777801,-23.7563777336713,25.7563777336718,1,3.8734490047681e-07,0.151312500207133,0.189931901261486,0.037115011907269,0.942123989166035,1.53617298725931,0.463827012741033,1,0.495840823969341,0.0797293165725854,0.0116078823066934,0.0178132569175762,0.141645376227595
124,"skull_SNAM_nasion_menton_distance","SNAM","ACE","C","familiality",-0.0607840827703967,9.50332978908657,8,0.301628375501652,1907.94288746105,1981.2714212233,0.0360618676035725,0.0245750708234088,0.774230311414052,1.81348958072647e-09,0.351800755335971,1.36114040168846,-19.9996089836898,21.99960898369,1,2.72706017485443e-06,0.059168757920184,0.642674724992105,0.615164301945191,1.61497505065596,1.93921591722801,0.0607840827717769,1,0.805260930320791,0.166600930665764,1.19436394108163e-09,0.112903857149891,0.220298004181638
125,"skull_SNAP_nasion_pogonion_distance","SNAP","ACE","C","familiality",-0.0272261221984991,11.3065154782064,8,0.184929048141411,2020.44319882264,2093.84081728225,0.053389553077022,0.0439234777469325,0.801510887441268,6.95440816045334e-10,0.373011306903789,1.39191929206539,-20.4355130293163,22.4355130293165,1,2.17318422857664e-06,0.0387334398429064,0.76333727708176,1.17566016862612,2.18417333184655,1.97277387779241,0.0272261222070629,1,0.868941305460968,0.159755672715826,1.56745492141397e-08,0.104376345792394,0.215134999639258
126,"skull_SSEN_sella_nasion_distance","SSEN","ACE","C","familiality",-2.93657073121221,5.16235365308328,8,0.74009100953518,1800.21362163505,1873.40326595025,0,0.0414474307037802,0.523170090600313,4.26703117284433e-12,0.269028878545963,0.861054115940849,-16.7830707711134,18.7830707711144,1,1.46461432567135e-05,0.351011448771758,2.72082118168981e-06,0.118966412360188,0.705615630427442,-0.936570731223583,2.93657073122512,1,0.0865943970218669,0.12581846062793,8.59432969235741e-10,0.0856133685790943,0.166023552676765
127,"skull_SSEN_sella_nsp_distance","SSEN*","ACE","C","familiality",-0.0320987097907164,11.2767020606774,8,0.186508356052099,1908.09242221625,1981.21225843264,0.0535186888202584,0.0530589490510016,0.721221317714451,9.86378667633403e-09,0.312385501809994,1.29864354964462,-14.3113566611883,16.3113566611873,1,5.37409095644616e-05,0.0401294639570398,0.736963850357177,0.938258149040717,1.87493883906622,1.96790129006513,0.0320987099343721,1,0.857811184860288,0.238649218328509,6.4794936438517e-07,0.144655827337894,0.332642609319124
128,"skull_SIOD_interorbitale_distance","SIOD","ADE","D","broad sense heritability",0.0425749298574374,13.7505956174625,8,0.0885021634798381,2436.40049812683,2509.72903188908,0.0705305868607798,0.0444373853888889,0.798407917258909,0.0167787892263156,0.0259986290664865,2.64333160770541,0.471250097245957,1.52874990275494,1,0.216300159037872,0.123698088287844,0.712226930586732,2.30153166306788,4.93059697666434,1.95742507013074,0.0425749298695095,1,0.836527730923252,0.0778939944532471,0.0349043179267365,0.00552052482108419,0.15026746408541
129,"skull_SNOL_nasion_orbitaleLeft_distance","SNOL","ACE","C","familiality",-0.731346132815816,11.4100045371752,8,0.179532077243456,2750.48185938666,2823.53164299203,0.0546921571173934,0.04696546146413,0.621558577733715,0.00520289238778582,0.0554041225106916,1.79935107573745,-0.393237706075524,2.39323770607505,1,0.121861008419037,0.37497891597811,0.0819181092876913,0.00601321772604016,1.69586907704539,1.26865386882173,0.73134613117862,1,0.392447202699548,0.00346250628817437,0.958773035385844,-0.127819128687018,0.134744141263367
130,"skull_SNOR_nasion_orbitaleRight_distance","SNOR","ADE","D","broad sense heritability",0.858823550603574,19.1249270506048,8,0.0142056264987303,2731.9022760771,2805.0221122935,0.0986133184853674,0.0513209433928741,0.320433733327178,0.468837573458765,0.932321434576084,4.4003673720822,1.80467935487195,0.195320645128238,1,0.658524698031656,0.644786801951237,0.149815396367161,0.0839884686534543,3.59398179567547,1.14117644942007,0.858823550580301,1,0.354068122094973,0.0347794647215853,0.619274546442115,-0.102409932291119,0.17196886173429
131,"skull_SSEG_sella_condylionMean_distance","SSEG","ACE","C","familiality",-0.289703116406145,9.44333344149321,8,0.306286960121871,2042.71015187942,2115.89979619462,0.0354578495594045,0.0456839950533583,0.647621668601804,6.41526051170516e-07,0.238062985287837,1.25794596549624,-13.7900515360948,15.7900515360937,1,7.07736674222933e-05,0.114429495837127,0.35898891971678,0.14784808590072,1.12584571605627,1.71029688357476,0.289703116425549,1,0.590410843060821,0.237948835561069,2.03467789283707e-07,0.148195471645614,0.327702199476523
132,"skullAngle_ABSN_sellaBasion_sellaNasion_angle","ABSN","ADE","D","broad sense heritability",0.585658204377069,14.0764329116323,8,0.0797948453733035,2473.66296786352,2546.92217746624,0.0726270015001517,0.0575875295125568,0.412446027986194,0.114015499931985,0.0237906145820587,2.06980384181688,1.33789183234012,0.662108167659666,1,0.415816665984701,0.359624938649846,0.171914669482196,0.0679682687235965,2.13183939420412,1.41434179559201,0.585658204408364,1,0.444102992541088,0.227929033363959,7.50009720995592e-08,0.144874059993243,0.310984006734676
133,"skullAngle_ACSN_sellaConylionMean_sellaNasion_angle","ACSN","ADE","D","broad sense heritability",1.02973212659208,10.9523842606221,8,0.204411798031649,2264.47946224247,2337.73867184518,0.0506244363876558,0.0415700129422763,0.300195981488313,0.24294546025776,0.138217391287574,2.15378772298238,1.67213079808971,0.327869201910111,1,0.566916481132985,0.488866114697903,0.0580365051421667,0.000566841387327689,2.02261773082938,0.970267873292414,1.02973212670786,1,0.31022159170123,0.210937903813784,7.37695327046595e-09,0.139436201291581,0.282439606335986
134,"skullAngle_AASN_nasionNSA_nasionSella_angle","AASN","ACE","C","familiality",-0.0690167729021596,3.93785977609564,8,0.86268597241875,2798.19897890549,2871.24876251086,0,0.0254825728573401,0.721542997819799,1.33906078514379e-06,0.255045130734499,1.42528692199034,-3.92656135620291,5.92656135620272,1,0.0149143170677501,0.0874035890684407,0.542828339057111,0.431053311295131,1.55707587450161,1.93098322778633,0.0690167722138408,1,0.792773773913641,0.19105341311176,7.5114021914624e-05,0.0964808743515676,0.285625951871953
135,"skullAngle_AANP_nasionNSA_nasionProsthion_angle","AANP","ADE","D","broad sense heritability",1.19360931689107,8.83230252106259,8,0.356639759784942,3058.67743329574,3131.5155747145,0.0271635204808515,0.0446302661001858,2.0009148479634e-12,NA,2.0009148479634e-12,2.0009148479634e-12,2.00000000000728,-7.48201500755385e-12,1,1,0.465780587620646,1.800781745942e-13,0.250804996368804,0.746769134576859,0.806390691303932,1.19360930869553,1,0.274602723106826,0.534219412377353,2.41838756722679e-05,0.286237342868938,0.782201481885767
136,"skullAngle_APSN_sellaNSP_sellaNasion_angle","APSN","ADE","D","broad sense heritability",0.429502469296494,24.8489087791733,8,0.00164888266949448,2672.57771839568,2745.90625215793,0.120727712662923,0.0588452886787755,0.52765406673415,0.0314721772308695,0.00416399389981875,1.92728526612582,1.13227715462835,0.86772284537162,1,0.351586493597581,0.33794850902029,0.170681615258062,0.0626649547399121,1.9965590237663,1.57049753046613,0.429502469533826,1,0.512233179872961,0.13439742424556,4.73480153013739e-05,0.069650201697638,0.199144646793481
137,"skullAngle_APNS_nasionPogonion_nasionSella_angle","APNS","ADE","D","broad sense heritability",0.148178273745543,9.23779226506019,8,0.322635066253963,2442.39953307911,2515.72806684136,0.0327223861377855,0.0509256819468925,0.547343310714245,0.0139935837013963,0.0224296051196128,1.76860186739677,1.0787795065894,0.921220493410816,1,0.337154714498035,0.205031541953917,0.358576111421772,0.264055598833798,2.01489956783699,1.85182172630221,0.148178273698459,1,0.700282379370982,0.247625147331838,1.18463017173553e-11,0.176063492475387,0.31918680218829
138,"skullAngle_ASNP_nasionSella_nasionProsthion_angle","ASNP","ADE","D","broad sense heritability",8.99502219908754e-06,5.91994804408106,8,0.656198577788758,2673.58697701248,2746.91551077473,0,0.0511441513876102,0.847151495121146,0.000331012512314155,0.17461835484889,2.02476692410191,0.195730792195718,1.80426920780407,1,0.179197224187502,0.00165952230703173,0.994441446604948,130.417514765278,132.285037697716,1.99999154243096,8.45756911171947e-06,1,0.997679603365052,0.151188982571822,0.00049176235849524,0.066165271288579,0.236212693855065
139,"skullAngle_APNP_nasionPogonion_nasionProsthion_angle","APNP","ADE","D","broad sense heritability",2.69947358057834,8.94859425840261,8,0.34665104849799,2661.10743070133,2734.43596446358,0.0286458246261889,0.0556238068462569,2.69462652568413e-12,NA,2.69462652568413e-12,2.69462652568413e-12,1.99999999999454,5.95790083934844e-12,1,0.999998052458607,0.706202097269823,0,0.620187427701254,0.79780058516501,-0.699473580568792,2.69947358056913,1,0.100381385574693,0.293797902727482,8.9245943968308e-11,0.204991324727351,0.382604480727613
140,"skullAngle_ASCG_condMeanSella_condMeanGonionMean_angle","ASCG","ADE","D","broad sense heritability",1.99705528628965,8.34370044894463,8,0.400636632672431,2284.85676757286,2358.11597717558,0.0172728423877869,0.0486756233711316,0.060876882746968,0.841929978660617,4.74441278498527,7.13761819545208,1.98541482171413,0.014585178285536,1,0.903873916464557,0.664263460353651,0.0294043630740397,0.00665827417628484,2.3976941238889,0.00294471373217675,1.99705528626731,1,0.157605137997909,0.274859656899381,2.22044604925031e-16,0.209239871003395,0.340479442795367
141,"skullAngle_ASCG_gonionMeanCondylionMean_GonionMeanMenton_angle","ASCG*","ACE","C","familiality",-0.278060939039733,12.8245861841997,8,0.118029259660022,2153.72248896006,2226.91213327525,0.0648274726157733,0.0587382608783563,0.677166248561879,3.29071547788828e-09,0.302822596971276,1.20014006202047,-15.1071131404433,17.1071131404418,1,3.5329737015688e-05,0.12379447401649,0.271088252731323,0.0754864051044831,0.957338320267773,1.72193906095254,0.278060939046973,1,0.597974971459131,0.199039277421631,2.90878432451791e-14,0.14772542346365,0.250353131379612
142,"skullAngle_ANSF_sellaNasion_sellaFranfortPlanePerp_angle","ANSF","ADE","D","broad sense heritability",0.0794768746782211,14.0038907102223,8,0.0816640626854489,2555.6212697933,2628.94980355555,0.0720671706463313,0.0294025340755384,0.625386079686569,0.0161717037556461,0.021415871600253,2.06004442292177,0.866423081982248,1.13357691801715,1,0.287013659896174,0.152221046357004,0.559016430337709,0.843764352609201,2.88618231236087,1.9205231254009,0.0794768745988481,1,0.778007589499764,0.222392873956427,1.78472103762317e-09,0.149942437682974,0.294843310229879
143,"skullAngle_ANNF_nsaNsp_sellaFranfortPlanePerp_angle","ANNF","ADE","D","broad sense heritability",0.0314562905650746,15.3604820918605,8,0.0525036666745077,2619.37384634513,2692.35333110836,0.0804940843545311,0.0459859504545343,0.578529458481529,0.0105196713151017,0.0316425072007742,1.80455985988746,1.45517324684033,0.544826753159571,1,0.460439218553993,0.128209094306089,0.57611176692215,0.804989191912687,2.60285901755037,1.96854370944175,0.0314562905577969,1,0.859226242406854,0.293261447212382,1.31051547391792e-09,0.198508369867657,0.388014524557108
144,"skullAngle_ALNS_nasionSellaLine_nsaNspLine_angle","ALNS","ACE","C","familiality",-1.37366142100745,15.2235212736681,8,0.0549422024029446,2887.35655570935,2960.47639192575,0.079462361200835,0.0566619343866341,0.278119190424206,0.0507786767168583,3.19299346715646e-06,1.11624937429148,1.21779171763137,0.782208282368765,1,0.376466618315891,0.419600567521968,0.00150302692815218,0.0613944145897391,1.09778570402967,0.626338578987998,1.37366142101247,1,0.241183795746689,0.302280242053826,7.20826079025905e-06,0.170254453664788,0.434306030442864
145,"general_SVTh_atlas_hpa_distance","SVTh","ACE","C","familiality",-7.50017243762795,12.4593835189818,8,0.131854018950039,2051.46304541274,2124.86066387235,0.0620023881560486,0.0209949995606509,0.18962771700648,0.0422635574050778,0.000231442224800783,0.732243144767143,0.288607989374214,1.71139201062649,1,0.190804863808181,0.571128611191173,2.50412357516439e-10,0.272079050442241,0.979801155229139,-5.50017242829426,7.5001724282942,1,0.00616930862670441,0.239243671802348,1.04258823796499e-11,0.170291513902332,0.308195829702363
146,"general_SVTh_atlas_prosthion_distance","SVTh*","ACE","C","familiality",-7.58467909347496,4.28585559532125,8,0.830455605122387,1828.54408644102,1901.87262020327,0,0.0264980710251279,0.265557416504282,0.00199908657411108,0.0355308346447317,0.70921497376452,-2.43463914434733,4.43463914434661,1,0.0352166635710865,0.54001816425881,1.34624089653812e-10,0.260690537746742,0.91994941214997,-5.58467909348519,7.58467909348463,1,0.00588664421027554,0.194424419236908,2.81086265374597e-12,0.139884253295246,0.248964585178571
147,"general_SVTv_nsp_epiglottisPetiole_distance","SVTv","ACE","C","familiality",-4.26303052193407,2.21237186319383,8,0.973798960756369,2504.45001905582,2577.70922865854,0,0.0198269117598148,0.02100737750315,0.900088044262827,4.484687443868,5.79647277401404,1.99374283338238,0.00625716661728504,1,0.93695129055275,0.588850249045191,0.000162213109165421,0.135860140493113,1.35988125306495,-2.26303052193134,4.26303052193068,1,0.0389503758921062,0.390142373451659,8.07403337521606e-08,0.247626336380417,0.532658410522901
148,"general_SVTv_nsp_corniculateTubercle_distance","SVTv*","ACE","C","familiality",-1.13672992851434,13.5873203413512,8,0.0931763831892379,2291.52031477856,2364.84884854081,0.0695220978868912,0.027967532157315,0.409474826379968,0.00711258646387836,0.0302505103880105,1.22296540487738,-1.0560911455691,3.05609114556848,1,0.0804349513588931,0.280919300976785,0.0559877645689835,0.000183412748126736,1.15257275513194,0.863270071529314,1.13672992847008,1,0.286344371971094,0.309605872643248,8.44864977977977e-09,0.204242163824522,0.414969581461974
149,"general_GRPD_registrationPointSet_matlabProcDistance","GRPD","ADE","D","broad sense heritability",0.506834796831299,6.37608171679067,8,0.605182997046147,3091.88469958605,3165.00453580245,0,0.0398437987312411,0.173266663009486,0.835333742037919,12.3102178793219,18.8451340643346,1.97110284667906,0.0288971533205284,1,0.865016721337332,0.740634323131683,0.38097059698583,1.13352030543508,7.76107938599402,1.49316520322327,0.506834796777007,1,0.476512267892697,0.0860990138588306,0.648002844643949,-0.283532448215254,0.455730475932915
150,"general_GAPD_allPointSet_matlabProcDistance","GAPD","ACE","C","familiality",-3.70143948168788,24.7702669579482,8,0.00170015971109516,2395.55801326704,2468.3961546858,0.121931365699903,0.198378874118824,0.155633593009952,0.0834961777074461,0.00272968431207256,0.707709730806832,1.37307681760012,0.62692318240061,1,0.42848616193976,0.596033449055821,2.22044604925031e-15,0.33789454481928,0.926939703829206,-1.70143948168516,3.70143948168577,1,0.0543655464744065,0.248332957934227,3.58617237943282e-05,0.130557533330438,0.366108382538016
