"short_name","domain","type","genetic_model","CD_meaning","H2_meaning","h2","h2_CiL","h2_CiH","h2_gt20","h2_p","h2_p_adj","cd2","cd2_CiL","cd2_CiH","cd2_p","cd2_p_adj","e2","e2_CiL","e2_CiH","e2_p","e2_p_adj","H2","H2_CiL","H2_CiH","H2_signif","rMZ","rDZ","ICC","ICC_CiL","ICC_CiH","ICC_0.75","ICC_0.75_strict","agrGSEM","agrGSEM_CiL","agrGSEM_CiH","agrGSEM_0.75","agrGSEM_0.75_strict","h2_star","h2_star_c","h2_gr","h2_grgr","c2_star","c2_star_c","c2_gr","c2_grgr","F2_star","F2_star_c","F2_gr","F2_grgr","d2_star","d2_star_c","d2_gr","d2_grgr","H2_star","H2_star_c","H2_gr","H2_grgr","ICC_plus","ICC_plusplus","h2_ranking","h2_class","c2_ranking","c2_class","d2_ranking","d2_class"
"MICD","mandible","distance","ACE","C","familiality",0.86798571096478,0.509594721128103,0.900893510879234,TRUE,2.5763274730545e-13,3.76143811065957e-11,0.00633391446937592,0,0.364940528272341,0.977485562258415,1,0.125680374565844,0.0990800101857981,0.159306371588097,7.58397646572354e-105,1.10726056399564e-102,0.874319625434156,0.840693628419046,0.900919989816273,TRUE,0.922500103250646,0.190901610060337,0.982646565594472,0.979735204208908,0.985142802362099,TRUE,TRUE,0.96855731377733,0.962721679166052,0.973575494688246,TRUE,TRUE,TRUE,TRUE,TRUE,TRUE,FALSE,FALSE,FALSE,FALSE,TRUE,NA,TRUE,TRUE,NA,NA,NA,NA,NA,NA,NA,NA,TRUE,TRUE,0,"I",4,"V",NA,NA
"SHBN","skull","distance","ACE","C","familiality",0.562841316853747,0.314032557294041,0.907472611804557,TRUE,1.98692763513584e-09,2.88104507094697e-07,0.335146525330601,1.19570443680023e-24,0.581823743489128,0.0684610164204042,1,0.102012157815652,0.0773069754708922,0.133767741602557,4.25694534457522e-44,6.04486238929681e-42,0.897987842184348,0.866232258354491,0.922693024529976,TRUE,0.894874685237534,0.521516243705313,0.958604324781209,0.95173394014029,0.964514532057297,TRUE,TRUE,0.937592394165496,0.925938180526217,0.947599868362909,TRUE,TRUE,TRUE,TRUE,TRUE,TRUE,FALSE,FALSE,TRUE,FALSE,TRUE,NA,TRUE,TRUE,NA,NA,NA,NA,NA,NA,NA,NA,TRUE,TRUE,0,"I",3,"IV",NA,NA
"MIGD","mandible","distance","ACE","C","familiality",0.686488153261192,0.385601261923538,0.905427619751841,TRUE,8.40573669153279e-09,1.21042608358072e-06,0.189927132350849,8.04207111012169e-34,0.486432792750116,0.330191173441427,1,0.123584714387958,0.0906333651971298,0.165833552755753,1.38646689937174e-28,1.71921895522096e-26,0.876415285612042,0.834166447294526,0.909366634799554,TRUE,0.905611413252104,0.412374988102531,0.946131049536725,0.937294882853328,0.95375178236107,TRUE,TRUE,0.893852808240034,0.874947904042734,0.910319271410111,TRUE,TRUE,TRUE,TRUE,TRUE,TRUE,FALSE,FALSE,FALSE,FALSE,TRUE,NA,TRUE,TRUE,NA,NA,NA,NA,NA,NA,NA,NA,TRUE,TRUE,0,"I",4,"V",NA,NA
"SBAN","skull","distance","ACE","C","familiality",0.661820711356063,0.357049874597946,0.916293384770639,TRUE,1.68548481670553e-07,2.41024328788891e-05,0.223195691404414,5.93637491388219e-27,0.519360169362442,0.255934260274858,1,0.114983597239523,0.0784808481138005,0.162210670886067,2.03902579635552e-15,1.79434270079286e-13,0.885016402760477,0.837789329179267,0.921519151880695,TRUE,0.834757684332518,0.439115439739961,0.894212759649757,0.877281040546082,0.908921722153848,TRUE,TRUE,0.847841399614897,0.821135503860571,0.871160255812577,TRUE,TRUE,TRUE,TRUE,TRUE,TRUE,FALSE,FALSE,TRUE,FALSE,TRUE,NA,TRUE,TRUE,NA,NA,NA,NA,NA,NA,NA,NA,TRUE,TRUE,0,"I",3,"IV",NA,NA
"SNAM","skull","distance","ACE","C","familiality",0.776116935916794,0.395635156249486,0.875087766936815,TRUE,7.92173988726989e-07,0.000112488706399232,0.055112073411894,8.15480848872232e-28,0.428130082261934,0.811787579702773,1,0.168770990671312,0.12474621370033,0.22432829246559,2.02481230888251e-28,2.45002289374784e-26,0.831229009328688,0.775671702343918,0.875253786414361,TRUE,0.810842833438739,0.348132315451877,0.901733729007852,0.886001157915259,0.915392505967166,TRUE,TRUE,0.859163323467311,0.835052158292688,0.880275070128669,TRUE,TRUE,TRUE,TRUE,TRUE,TRUE,FALSE,FALSE,FALSE,FALSE,TRUE,NA,TRUE,TRUE,NA,NA,NA,NA,NA,NA,NA,NA,TRUE,TRUE,0,"I",4,"V",NA,NA
"SNAP","skull","distance","ACE","C","familiality",0.786866895503178,0.404581135625454,0.884882846088214,TRUE,9.46176364084453e-07,0.000133410867335908,0.0521171512501857,1.10027123941465e-33,0.426177364099841,0.819399193165158,1,0.161015953246636,0.115117655607397,0.219205057694325,2.16689458161316e-20,2.34024614814221e-18,0.838984046753364,0.780794942348757,0.884882344390602,TRUE,0.790250330669958,0.380095067419564,0.880125302040243,0.861201903947211,0.896612044470837,TRUE,TRUE,0.829846393541926,0.801215534022963,0.855016155771733,TRUE,TRUE,TRUE,TRUE,TRUE,TRUE,FALSE,FALSE,FALSE,FALSE,TRUE,NA,TRUE,TRUE,NA,NA,NA,NA,NA,NA,NA,NA,TRUE,TRUE,0,"I",4,"V",NA,NA
"MCGP","mandible","angle","ACE","C","familiality",0.744580737316703,0.38145374130236,0.864105912970794,TRUE,3.0673464596435e-06,0.00042942850435009,0.0734853205337,1.41167419070539e-38,0.441564489033884,0.746941375438754,1,0.181933942149597,0.135570528835218,0.240501375607607,1.13011707515318e-30,1.43524868544454e-28,0.818066057850403,0.759498624402894,0.864429471171525,TRUE,0.726418739578564,0.439610564729347,0.865220137120723,0.844120855844497,0.883643687160243,TRUE,TRUE,0.859106512693954,0.834904152112929,0.880249715383814,TRUE,TRUE,TRUE,TRUE,TRUE,TRUE,FALSE,FALSE,FALSE,FALSE,TRUE,NA,TRUE,TRUE,NA,NA,NA,NA,NA,NA,NA,NA,TRUE,TRUE,0,"I",4,"V",NA,NA
"SSEG","skull","distance","ACE","C","familiality",0.768960216236365,0.37952331494045,0.829015380899605,TRUE,5.2078497504957e-06,0.000723891115318902,0.00866908161218042,0,0.3874584209981,0.969391595282056,1,0.222370702151455,0.170957492229071,0.286634823528696,2.99660634762727e-48,4.285147077107e-46,0.777629297848545,0.713365176436775,0.82904250774916,TRUE,0.723781686498583,0.375304278949132,0.895277623054995,0.878577415828451,0.909791215923138,TRUE,TRUE,0.881923119995011,0.861593924255288,0.899689399613632,TRUE,TRUE,TRUE,TRUE,TRUE,TRUE,FALSE,FALSE,FALSE,FALSE,TRUE,NA,TRUE,TRUE,NA,NA,NA,NA,NA,NA,NA,NA,TRUE,TRUE,0,"I",4,"V",NA,NA
"SBNA","skull","distance","ACE","C","familiality",0.665169104566515,0.32033740545906,0.874499268880912,TRUE,5.75615549148926e-06,0.000794349457825518,0.168726456581088,2.14649841864813e-33,0.505825277432825,0.442931157999421,1,0.166104438852396,0.122805488605234,0.221214823593112,8.03764940845253e-30,1.00470617605657e-27,0.833895561147604,0.778785176437814,0.877194511399115,TRUE,0.786569132758899,0.37472133932903,0.897683653300213,0.881315035144217,0.911900484391973,TRUE,TRUE,0.867393976088524,0.844321961548489,0.887624825225571,TRUE,TRUE,TRUE,TRUE,TRUE,TRUE,FALSE,FALSE,FALSE,FALSE,TRUE,NA,TRUE,TRUE,NA,NA,NA,NA,NA,NA,NA,NA,TRUE,TRUE,0,"I",4,"V",NA,NA
"MCGM","mandible","angle","ACE","C","familiality",0.665765913196643,0.43304540506281,0.848214344813677,TRUE,1.73520982069522e-05,0.00237723745435245,0.137182104657316,2.33875659139547e-42,0.484488799704685,0.535991781525457,1,0.197051982146041,0.149968638987227,0.256298463515619,1.91457274526252e-41,2.68040184336753e-39,0.802948017853959,0.743701536473031,0.850031361001602,TRUE,0.727111067194172,0.454267250398308,0.88513806130705,0.866934411378946,0.900983491748322,TRUE,TRUE,0.881014617084725,0.860306534370024,0.89909612711569,TRUE,TRUE,TRUE,TRUE,TRUE,TRUE,FALSE,FALSE,FALSE,FALSE,TRUE,NA,TRUE,TRUE,NA,NA,NA,NA,NA,NA,NA,NA,TRUE,TRUE,0,"I",4,"V",NA,NA
"ASCG*","skull","angle","ACE","C","familiality",0.665761725506056,0.41336658337363,0.848214345146055,TRUE,1.73520982158171e-05,0.00237723745435245,0.137186206324268,1.73666799347498e-43,0.484486128940524,0.535991782043194,1,0.197052068169677,0.149968655985987,0.25629847835351,1.91457274619481e-41,2.68040184336753e-39,0.802947931830323,0.743701521598854,0.850031344004707,TRUE,0.727111067194172,0.454267250398308,0.872521252607086,0.852491657966873,0.889992612790952,TRUE,TRUE,0.881014549860778,0.86030654714174,0.89909612956127,TRUE,TRUE,TRUE,TRUE,TRUE,TRUE,FALSE,FALSE,FALSE,FALSE,TRUE,NA,TRUE,TRUE,NA,NA,NA,NA,NA,NA,NA,NA,TRUE,TRUE,0,"I",4,"V",NA,NA
"SNNP","skull","distance","ACE","C","familiality",0.624944860604421,0.284440726567832,0.953910739020202,TRUE,2.19963381447121e-05,0.00296950564953613,0.294129527712372,2.2144182486943e-36,0.630301658075208,0.219348965316599,1,0.0809256116832065,0.038577101011267,0.132406273187464,7.27506410452445e-05,0.00269177371867405,0.919074388316794,0.867593726738912,0.961422899518055,TRUE,0.797645361889037,0.455742120057245,0.824240399597727,0.797376833580594,0.84784392306832,TRUE,TRUE,0.76023007134264,0.720894431179804,0.795244189837804,TRUE,FALSE,TRUE,TRUE,TRUE,TRUE,FALSE,FALSE,TRUE,FALSE,TRUE,NA,TRUE,TRUE,NA,NA,NA,NA,NA,NA,NA,NA,TRUE,TRUE,0,"I",3,"IV",NA,NA
"SHSW","skull","distance","ACE","C","familiality",0.625419065451924,0.278574033103817,0.860366860104672,TRUE,3.15118693820254e-05,0.0042225904971914,0.194321210695503,1.4253146339712e-24,0.534518290888685,0.396087988980893,1,0.180259723852573,0.136188168866986,0.236140066220957,2.37113167008282e-37,3.22473907131264e-35,0.819740276147427,0.763859933790806,0.863811831063976,TRUE,0.879951549337384,0.206396661039324,0.940789213022347,0.931099541225486,0.949152079110314,TRUE,TRUE,0.87911411683286,0.858064549304253,0.89756117093531,TRUE,TRUE,TRUE,TRUE,TRUE,TRUE,FALSE,FALSE,FALSE,FALSE,TRUE,NA,TRUE,TRUE,NA,NA,NA,NA,NA,NA,NA,NA,TRUE,TRUE,0,"I",4,"V",NA,NA
"SSEN","skull","distance","ACE","C","familiality",0.465845201090091,0.194326922309706,0.874764725333369,TRUE,9.46244387587698e-05,0.0125850503549164,0.404661617092739,9.93621413671611e-10,0.668859365883509,0.0494214332320827,1,0.12949318181717,0.0941762281325326,0.174671946754881,1.17762648219874e-24,1.34249418970656e-22,0.87050681818283,0.825328053290288,0.90582377186694,TRUE,0.82757249364554,0.534050285887064,0.904596974932983,0.889282989964446,0.917884847390468,TRUE,TRUE,0.876697418717605,0.854915769790381,0.895755765859927,TRUE,TRUE,TRUE,TRUE,TRUE,FALSE,TRUE,FALSE,TRUE,FALSE,TRUE,NA,TRUE,TRUE,NA,NA,NA,NA,NA,NA,NA,NA,TRUE,TRUE,1,"I",2,"II",NA,NA
"ASNP","skull","angle","ACE","C","familiality",0.725656583824804,0.255869222783324,0.905759478061635,TRUE,0.000667451370824441,0.0881035809488262,0.11870764415375,9.12781149629604e-38,0.576744384458736,0.694406906237704,1,0.155635772021447,0.0943193707489196,0.231716544500599,3.999525131012e-08,2.27972932467684e-06,0.844364227978553,0.768283455562886,0.905680629347641,TRUE,0.630337373606744,0.297105761880973,0.720827950915228,0.681024198953765,0.756384562572346,FALSE,FALSE,0.711457791379685,0.667007546055288,0.751484519915556,FALSE,FALSE,TRUE,FALSE,TRUE,TRUE,FALSE,FALSE,FALSE,FALSE,TRUE,NA,TRUE,TRUE,NA,NA,NA,NA,NA,NA,NA,NA,FALSE,FALSE,3,"III",4,"V",NA,NA
"CS2A","cervical","distance","ACE","C","familiality",0.882559620735323,0.363671608614111,1,TRUE,0.000713058023885406,0.0934106011289882,0.117440379264663,7.90947165002243e-37,0.662399807775044,0.750301398440133,1,1.34387673555521e-14,0,0.0812253343043761,1,1,0.999999999999987,0.918775811932033,1,TRUE,0.695551785850816,0.242391486179376,0.603493781435303,0.550881556118763,0.651328359003376,FALSE,FALSE,0.517571653539878,0.460539044685775,0.572613003392918,FALSE,FALSE,TRUE,FALSE,TRUE,TRUE,FALSE,FALSE,FALSE,FALSE,TRUE,NA,TRUE,TRUE,NA,NA,NA,NA,NA,NA,NA,NA,FALSE,FALSE,3,"III",4,"V",NA,NA
"APNS","skull","angle","ACE","C","familiality",0.731218614996835,0.254693828807527,0.810802093546468,TRUE,0.000716284771398129,0.0934106011289882,0.0174423026318707,0,0.479969004274091,0.952016103346851,1,0.251339082371294,0.188958539924733,0.328175443464813,2.28041378094995e-31,2.91892963961594e-29,0.748660917628706,0.671824556580613,0.811041460035738,TRUE,0.651611997577836,0.297434354451966,0.826378689683316,0.799896485392435,0.849648932738571,TRUE,TRUE,0.815112359994346,0.785051532244268,0.841797133300389,TRUE,TRUE,TRUE,FALSE,TRUE,TRUE,FALSE,FALSE,FALSE,FALSE,TRUE,NA,TRUE,TRUE,NA,NA,NA,NA,NA,NA,NA,NA,TRUE,TRUE,2,"II",4,"V",NA,NA
"MCGD","mandible","distance","ACE","C","familiality",0.800145324482565,0.311558919400892,0.909917685237391,TRUE,0.000737366641585248,0.095120296764497,0.0185055789624184,0,0.474632351454198,0.942745470284931,1,0.181349096555016,0.0900474547778979,0.291495684002174,4.32410779055594e-05,0.00168640203831682,0.818650903444984,0.70850431597908,0.909952545189471,TRUE,0.658031567409027,0.357081553271875,0.710377757320732,0.66940481548963,0.747042096830396,FALSE,FALSE,0.596623693264849,0.540331532563381,0.648309378085771,FALSE,FALSE,TRUE,FALSE,TRUE,TRUE,FALSE,FALSE,FALSE,FALSE,TRUE,NA,TRUE,TRUE,NA,NA,NA,NA,NA,NA,NA,NA,FALSE,FALSE,3,"III",4,"V",NA,NA
"HBPL","hard palate","distance","ACE","C","familiality",0.383704390716443,0.121705547080741,0.779473783629181,TRUE,0.00208370025961896,0.266713633231227,0.45406733732766,0.0798602006210685,0.709387269644488,0.0274318667439952,1,0.162228271955897,0.121578958541578,0.21412589790808,4.12203984797348e-35,5.39987220084526e-33,0.837771728044103,0.785874102079044,0.878421041476184,TRUE,0.800846269809702,0.482361720163173,0.907295642115015,0.892377545932036,0.920233029465763,TRUE,TRUE,0.884877311111067,0.864457936461875,0.902668045995203,TRUE,TRUE,TRUE,FALSE,TRUE,FALSE,TRUE,FALSE,TRUE,FALSE,TRUE,NA,TRUE,TRUE,NA,NA,NA,NA,NA,NA,NA,NA,TRUE,TRUE,4,"II",2,"II",NA,NA
"AASN","skull","angle","ACE","C","familiality",0.655883779150624,0.167062583787071,0.917065561184496,TRUE,0.00705198766879227,0.895602433936618,0.178929421845598,9.9503371665134e-37,0.649519164096687,0.552704444921167,1,0.165186799003777,0.0809681820149298,0.264721506891261,6.15993586546884e-05,0.00234077562887816,0.834813200996223,0.735278493110546,0.919031818133083,TRUE,0.530974606040734,0.364424239832002,0.626760913791047,0.576717550955149,0.67211814898507,FALSE,FALSE,0.612435073137132,0.557213362078462,0.663032160371014,FALSE,FALSE,TRUE,FALSE,TRUE,FALSE,FALSE,FALSE,FALSE,FALSE,TRUE,NA,TRUE,TRUE,NA,NA,NA,NA,NA,NA,NA,NA,FALSE,FALSE,5,"III",4,"V",NA,NA
"HBNP","hyoid","distance","ACE","C","familiality",0.566463207321465,0.108825192982413,0.782806141782009,TRUE,0.0127863423518583,1,0.134384286552042,2.51387198417913e-26,0.555315800569998,0.600632002860098,1,0.299152506126493,0.216179869806851,0.400799791173214,3.29789398374956e-20,3.52874656261203e-18,0.700847493873507,0.599200208869609,0.783820130114313,TRUE,0.702543931652733,0.290328858092784,0.835083091941984,0.809747190148033,0.857311040229425,TRUE,TRUE,0.723506626674887,0.681445969468423,0.761324338827723,FALSE,FALSE,TRUE,FALSE,TRUE,FALSE,FALSE,FALSE,FALSE,FALSE,TRUE,NA,TRUE,TRUE,NA,NA,NA,NA,NA,NA,NA,NA,TRUE,TRUE,4,"II",4,"V",NA,NA
"SNOL","skull","distance","ACE","C","familiality",0.689930348394763,0.086536454806413,1,TRUE,0.0226088196526145,1,0.310069651602959,1.39495466405321e-35,0.900258704498551,0.429594888042254,1,2.27832545638699e-12,0,0.113617714700612,1,1,0.999999999997722,0.886382266325405,1,TRUE,0.59796409326013,0.292167461079355,0.538159558094081,0.479838720313199,0.591745380840086,FALSE,FALSE,0.448681208461306,0.388482823367601,0.507843766384506,FALSE,FALSE,TRUE,FALSE,TRUE,FALSE,FALSE,FALSE,TRUE,FALSE,TRUE,NA,TRUE,TRUE,NA,NA,NA,NA,NA,NA,NA,NA,FALSE,FALSE,5,"III",3,"IV",NA,NA
"SVTh*","general","distance","ACE","C","familiality",0.26466937756746,0.0286916956161398,0.61664585405597,TRUE,0.0277843303485152,1,0.546535264828215,0.196418206185865,0.772660531591113,0.00537672110606704,0.774247839273654,0.188795357604325,0.145551465360725,0.243431793618357,3.59429995675108e-57,5.21173493728906e-55,0.811204642395675,0.7565682064033,0.854448534640103,TRUE,0.781805543427656,0.553547467084237,0.925718659180546,0.91365175360861,0.93615551117458,TRUE,TRUE,0.912788344919412,0.897073524724131,0.926480276163129,TRUE,TRUE,TRUE,FALSE,TRUE,FALSE,TRUE,FALSE,TRUE,FALSE,TRUE,NA,TRUE,TRUE,NA,NA,NA,NA,NA,NA,NA,NA,TRUE,TRUE,4,"II",2,"II",NA,NA
"HBC4","hyoid","distance","ACE","C","familiality",0.518171044748335,0.0399948900490019,0.724294173469109,TRUE,0.031902490557787,1,0.122396271539817,0,0.570314453097576,0.658586477006743,1,0.359432683711849,0.275225412331184,0.461733099648168,2.32917475101319e-38,3.19096940888807e-36,0.640567316288151,0.538266901929778,0.724774587652996,TRUE,0.515367029812394,0.318637563893502,0.793640497812728,0.762734663449198,0.820929546215488,TRUE,TRUE,0.790904354512824,0.757483499632152,0.820469498103262,TRUE,TRUE,TRUE,FALSE,TRUE,FALSE,FALSE,FALSE,FALSE,FALSE,TRUE,NA,TRUE,TRUE,NA,NA,NA,NA,NA,NA,NA,NA,TRUE,TRUE,4,"II",4,"V",NA,NA
"MCGR","mandible","distance","ACE","C","familiality",0.586736412768441,0.0456856424944421,0.82025457075191,TRUE,0.0323221041971677,1,0.122333863298489,2.57452188240864e-09,0.612640408579374,0.666985769323263,1,0.290929723933069,0.180082807779049,0.424914910260076,2.0689777508006e-08,1.22069687297235e-06,0.709070276066931,0.575085090093652,0.819917191938077,TRUE,0.574987856665258,0.280275484760296,0.680361845573054,0.636083266924135,0.720174389268289,FALSE,FALSE,0.577141534215598,0.519778740685639,0.630108991127778,FALSE,FALSE,TRUE,FALSE,TRUE,FALSE,FALSE,FALSE,FALSE,FALSE,TRUE,NA,TRUE,TRUE,NA,NA,NA,NA,NA,NA,NA,NA,FALSE,FALSE,5,"III",4,"V",NA,NA
"HBC3","hyoid","distance","ACE","C","familiality",0.535030164306183,5.61805346856206e-29,0.764045285522962,TRUE,0.0643189476992716,1,0.122515234918059,1.09365543926674e-26,0.641711874611848,0.695835126359752,1,0.342454600775758,0.236204068193982,0.470587541882813,4.86761080593437e-14,4.08879307698487e-12,0.657545399224242,0.529412458115428,0.763795931773326,TRUE,0.529486160284981,0.254805291084944,0.707543048416794,0.666177713768863,0.744568427260433,FALSE,FALSE,0.632863291091379,0.580858724063983,0.68017622849824,FALSE,FALSE,FALSE,FALSE,TRUE,FALSE,FALSE,FALSE,FALSE,FALSE,TRUE,NA,TRUE,TRUE,NA,NA,NA,NA,NA,NA,NA,NA,FALSE,FALSE,8,"V",4,"V",NA,NA
"HNSL","hard palate","distance","ACE","C","familiality",0.312632616862608,4.61044726229331e-33,0.783921957839114,TRUE,0.0847994629564463,1,0.485149802753668,0.0225080236470878,0.801239604480411,0.043055325683452,1,0.202217580383724,0.135930285929377,0.284558350376051,7.73602074817318e-13,6.26617680602028e-11,0.797782419616276,0.715441641954215,0.864069714075049,TRUE,0.664240271444187,0.51116978483403,0.769540619567306,0.735499688153717,0.79970613122625,TRUE,FALSE,0.730655107540796,0.688445805137224,0.768514996384631,FALSE,FALSE,FALSE,FALSE,TRUE,FALSE,TRUE,FALSE,TRUE,FALSE,TRUE,NA,TRUE,TRUE,NA,NA,NA,NA,NA,NA,NA,NA,TRUE,FALSE,7,"IV",2,"II",NA,NA
"MCGL","mandible","distance","ACE","C","familiality",0.477713335232548,1.21959591970667e-26,0.77564764404602,TRUE,0.0874690222517017,1,0.179749648450674,0,0.654340198674945,0.526022925954731,1,0.342537016316778,0.223612898715538,0.484907281993135,2.17192587328817e-10,1.43347107637019e-08,0.657462983683222,0.515092718791761,0.776387101248353,TRUE,0.532130680059261,0.279299775517266,0.679735670001114,0.635314701432027,0.71967339915558,FALSE,FALSE,0.578646267618072,0.521723505229364,0.630895017889053,FALSE,FALSE,FALSE,FALSE,TRUE,FALSE,FALSE,FALSE,FALSE,FALSE,TRUE,NA,TRUE,TRUE,NA,NA,NA,NA,NA,NA,NA,NA,FALSE,FALSE,8,"V",4,"V",NA,NA
"L4EA","larynx","distance","ACE","C","familiality",0.427001527209732,8.49421282632198e-37,0.691557566654572,TRUE,0.0993631177181906,1,0.172352545130909,0,0.611503691248532,0.550191599749282,1,0.400645927659359,0.307207184282184,0.512124787163503,3.83191998730006e-34,4.98149598349008e-32,0.599354072340641,0.487875213534275,0.69279281566657,TRUE,0.466644894288725,0.278618042116203,0.757877179469572,0.722504001778655,0.789292823509947,TRUE,FALSE,0.749928848201765,0.711808029644941,0.784075955196529,FALSE,FALSE,FALSE,FALSE,TRUE,FALSE,FALSE,FALSE,FALSE,FALSE,TRUE,NA,TRUE,TRUE,NA,NA,NA,NA,NA,NA,NA,NA,TRUE,FALSE,7,"IV",4,"V",NA,NA
"SBAS","skull","distance","ADE","D","broad sense heritability",0.782018246809058,1.98012137103685e-42,0.85826815114723,TRUE,0.111544560185875,1,0.0130056725724491,0,0.836895012630506,0.977306242082478,1,0.204976080618493,0.141475698631402,0.28442434772885,2.39403069190742e-15,2.08280670195946e-13,0.795023919381507,0.715575652282189,0.858524301429377,TRUE,0.656897172788186,0.359464097804626,0.792990245426866,0.76194706763086,0.820397898339467,TRUE,TRUE,0.756255578807481,0.71729673707548,0.790997782822922,TRUE,FALSE,FALSE,FALSE,TRUE,FALSE,NA,NA,NA,NA,NA,NA,NA,NA,FALSE,FALSE,FALSE,FALSE,TRUE,NA,TRUE,TRUE,TRUE,TRUE,6,"IV",NA,NA,4,"V"
"L5EA","larynx","distance","ACE","C","familiality",0.426765593718694,8.50544803117557e-26,0.70111579118364,TRUE,0.114386180104124,1,0.180619585229743,0,0.627717660544675,0.551382006396029,1,0.392614821051564,0.297264389492291,0.505940410408014,1.62645242289558e-28,1.99340483045098e-26,0.607385178948436,0.4940595962583,0.70273561054885,TRUE,0.463443600423947,0.229562828570185,0.735867564600195,0.69783159783171,0.769764945801032,FALSE,FALSE,0.723353392770572,0.68181646850308,0.7606201346264,FALSE,FALSE,FALSE,FALSE,TRUE,FALSE,FALSE,FALSE,FALSE,FALSE,TRUE,NA,TRUE,TRUE,NA,NA,NA,NA,NA,NA,NA,NA,FALSE,FALSE,8,"V",4,"V",NA,NA
"LHCT","larynx","distance","ACE","C","familiality",0.536122266807211,3.10821772470987e-35,0.735611536400366,TRUE,0.132563747276609,1,0.0821833516153991,0,0.653361594395455,0.833725680395147,1,0.38169438157739,0.263894791668948,0.518479599054019,1.50164506204874e-12,1.1862995990185e-10,0.61830561842261,0.481520400970995,0.736105207817688,TRUE,0.513708836340042,0.187523743263578,0.662803451144956,0.61629611574047,0.704703676990754,FALSE,FALSE,0.584877671039201,0.527830333386069,0.637107447243945,FALSE,FALSE,FALSE,FALSE,TRUE,FALSE,FALSE,FALSE,FALSE,FALSE,TRUE,NA,TRUE,TRUE,NA,NA,NA,NA,NA,NA,NA,NA,FALSE,FALSE,8,"V",4,"V",NA,NA
"SPUN","soft palate","distance","ACE","C","familiality",0.447919144120739,4.31303234767211e-38,0.765904410406992,TRUE,0.135077506127366,1,0.212919857233867,6.61489251252513e-36,0.691140113404873,0.520458311860105,1,0.339160998645394,0.231872947231024,0.465152593388394,2.95972777690232e-12,2.30858766598381e-10,0.660839001354606,0.534847406181357,0.768127052591499,TRUE,0.466990281214138,0.325736705886591,0.627786011411025,0.57792820109626,0.672974901021178,FALSE,FALSE,0.606142503034749,0.551708432706555,0.656032516324687,FALSE,FALSE,FALSE,FALSE,TRUE,FALSE,FALSE,FALSE,TRUE,FALSE,TRUE,NA,TRUE,TRUE,NA,NA,NA,NA,NA,NA,NA,NA,FALSE,FALSE,8,"V",3,"IV",NA,NA
"HIML","hard palate","distance","ACE","C","familiality",0.439288678439528,3.25238325428081e-34,0.814237042287132,TRUE,0.136936378319104,1,0.267075706602509,4.33412111090927e-37,0.734814946981867,0.412779384151561,1,0.293635614957964,0.184149795585446,0.425596607565855,2.80980955598796e-08,1.62968954247302e-06,0.706364385042036,0.574403392467655,0.815850204555614,TRUE,0.50867635813852,0.237685945066167,0.629265416361237,0.579344957152144,0.674482692450826,FALSE,FALSE,0.571649414958726,0.513061384688671,0.625425632803138,FALSE,FALSE,FALSE,FALSE,TRUE,FALSE,FALSE,FALSE,TRUE,FALSE,TRUE,NA,TRUE,TRUE,NA,NA,NA,NA,NA,NA,NA,NA,FALSE,FALSE,8,"V",3,"IV",NA,NA
"HBPG","hyoid","distance","ACE","C","familiality",0.372462613033541,8.78146427741341e-11,0.681922187964663,TRUE,0.146795455346989,1,0.22271653074836,4.35617054367273e-25,0.624647936723293,0.450121271176492,1,0.4048208562181,0.31454544532532,0.512548011794593,5.80169608108206e-44,8.1803914743257e-42,0.5951791437819,0.487451988241744,0.685454554599709,TRUE,0.508061739597408,0.255239417617086,0.807368619476094,0.778239803575133,0.833030544663281,TRUE,TRUE,0.78980240020465,0.756708645461811,0.819203492757969,TRUE,TRUE,FALSE,FALSE,TRUE,FALSE,FALSE,FALSE,TRUE,FALSE,TRUE,NA,TRUE,TRUE,NA,NA,NA,NA,NA,NA,NA,NA,TRUE,TRUE,6,"IV",3,"IV",NA,NA
"HBC2","hyoid","distance","ACE","C","familiality",0.347446122440496,1.73733349060791e-27,0.72988076053428,TRUE,0.196422603920841,1,0.285808326728723,4.81141587884519e-18,0.674023574182034,0.32474848765496,1,0.366745550830781,0.263737476045603,0.48867777360813,2.40786524509414e-17,2.33562928774132e-15,0.633254449169219,0.511322226486986,0.736262523983665,TRUE,0.640263085071137,0.276800339837932,0.77647556077104,0.743366806303909,0.805788726866346,TRUE,FALSE,0.652296772123094,0.602471068472098,0.697426786444762,FALSE,FALSE,FALSE,FALSE,TRUE,FALSE,FALSE,FALSE,TRUE,FALSE,TRUE,NA,TRUE,TRUE,NA,NA,NA,NA,NA,NA,NA,NA,TRUE,FALSE,7,"IV",3,"IV",NA,NA
"DIMD","dentition","distance","ACE","C","familiality",0.288014430569299,3.04731361367449e-25,0.746523090318965,TRUE,0.196683825312793,1,0.395363941166964,1.99765538017717e-33,0.718253083060339,0.132985423401638,1,0.316621628263737,0.232164325021131,0.419637762534155,1.09123483068526e-22,1.23309535867434e-20,0.683378371736263,0.580362237430673,0.76783567500594,TRUE,0.578721776896481,0.4059916180584,0.766803620696684,0.73259399965482,0.797149153009814,TRUE,FALSE,0.729930058204843,0.688795143368273,0.767030020258172,FALSE,FALSE,FALSE,FALSE,TRUE,FALSE,FALSE,FALSE,TRUE,FALSE,TRUE,NA,TRUE,TRUE,NA,NA,NA,NA,NA,NA,NA,NA,TRUE,FALSE,7,"IV",3,"IV",NA,NA
"SNNA","skull","distance","ACE","C","familiality",0.311084790004205,5.47150315548384e-35,0.923960389589354,TRUE,0.211749092798156,1,0.557632520815141,1.95697061200994e-28,0.912823502413951,0.0904410544603605,1,0.131282689180654,0.0385056834885313,0.237014589578804,0.00532054296246892,0.117051945174316,0.868717310819346,0.762985410452117,0.961494318682308,TRUE,0.626064361202606,0.2574680841769,0.656992936736554,0.609872221143943,0.699484691369264,FALSE,FALSE,0.566653761725169,0.505538779620569,0.622842185951067,FALSE,FALSE,FALSE,FALSE,TRUE,FALSE,FALSE,FALSE,TRUE,FALSE,TRUE,NA,TRUE,TRUE,NA,NA,NA,NA,NA,NA,NA,NA,FALSE,FALSE,8,"V",3,"IV",NA,NA
"ANSF","skull","angle","ADE","D","broad sense heritability",0.727835193079361,0,0.84031920693027,TRUE,0.218662959383273,1,0.0493102130768341,0,0.82921949889168,0.927832392818755,1,0.222854593843805,0.159321035950546,0.301778322055538,2.96832046862369e-19,3.0573700826824e-17,0.777145406156195,0.698221677724284,0.840678964062106,TRUE,0.642793273724468,0.33243543110518,0.785448641954061,0.753565808554664,0.813644941817108,TRUE,TRUE,0.77069981601595,0.734412385188095,0.803142273728461,TRUE,FALSE,FALSE,FALSE,TRUE,FALSE,NA,NA,NA,NA,NA,NA,NA,NA,FALSE,FALSE,FALSE,FALSE,TRUE,NA,TRUE,TRUE,TRUE,TRUE,6,"IV",NA,NA,4,"V"
"SVTh","general","distance","ACE","C","familiality",0.17175119521571,5.76905433736863e-35,0.53324263437498,FALSE,0.226994038946565,1,0.593033781997081,0.218439346556771,0.792220610157545,0.00484766402265937,0.702911283285609,0.235215022787209,0.180813533123146,0.303274182541544,3.53561234463853e-50,5.09128177627948e-48,0.764784977212791,0.696725817459511,0.819186466887388,TRUE,0.734731584510911,0.546212585937126,0.897321606884594,0.880940911738408,0.911554545667598,TRUE,TRUE,0.880674453262114,0.859873721873275,0.898887540835813,TRUE,TRUE,FALSE,FALSE,FALSE,FALSE,TRUE,FALSE,TRUE,TRUE,TRUE,NA,TRUE,TRUE,NA,NA,NA,NA,NA,NA,NA,NA,TRUE,TRUE,9,"V",1,"II",NA,NA
"PPW7","pharynx","curvature","ACE","C","familiality",0.295685269113185,9.13105800577807e-39,0.795299104737486,TRUE,0.248672955638999,1,0.426226380222795,1.97018745224214e-27,0.770200639246119,0.170180861758187,1,0.27808835066402,0.186205351629864,0.387789688527605,1.39724974195057e-11,1.01999231162392e-09,0.72191164933598,0.612210311494221,0.813794648359702,TRUE,0.592043709332447,0.249083447070271,0.706626699162454,0.66505183396529,0.743835074348776,FALSE,FALSE,0.642965290441897,0.591093985624412,0.689975573135054,FALSE,FALSE,FALSE,FALSE,TRUE,FALSE,FALSE,FALSE,TRUE,FALSE,TRUE,NA,TRUE,TRUE,NA,NA,NA,NA,NA,NA,NA,NA,FALSE,FALSE,8,"V",3,"IV",NA,NA
"CS5H","cervical","distance","ACE","C","familiality",0.547418431860344,1.97580539179183e-29,0.786774923232521,TRUE,0.250983112579747,1,0.0558479398966681,8.54007225580461e-31,0.696973813701354,0.907296839196303,1,0.396733628242988,0.215088093538511,0.592776088864257,3.86452109477659e-05,0.00154580843791064,0.603266371757012,0.407223911563113,0.78491190656204,TRUE,0.308485923859863,0.167602994693811,0.434639485780053,0.368776629718347,0.496159743835037,FALSE,FALSE,0.39597390505672,0.326205513408409,0.461720947000187,FALSE,FALSE,FALSE,FALSE,TRUE,FALSE,FALSE,FALSE,FALSE,FALSE,TRUE,NA,TRUE,TRUE,NA,NA,NA,NA,NA,NA,NA,NA,FALSE,FALSE,8,"V",4,"V",NA,NA
"PPW6","pharynx","curvature","ACE","C","familiality",0.540807318116035,7.4832597963939e-39,0.920684649276795,TRUE,0.254639982755807,1,0.177096993058349,8.7361846170379e-23,0.821188760559766,0.710063117612674,1,0.282095688825616,0.0792737182302882,0.491499567942989,0.00770501162097436,0.161805244040462,0.717904311174384,0.508500432035861,0.92072637666603,TRUE,0.450907812340837,0.30586868617547,0.434333121316826,0.368340786268795,0.49597053731811,FALSE,FALSE,0.364178460151915,0.291322298964056,0.433404148259254,FALSE,FALSE,FALSE,FALSE,TRUE,FALSE,FALSE,FALSE,FALSE,FALSE,TRUE,NA,TRUE,TRUE,NA,NA,NA,NA,NA,NA,NA,NA,FALSE,FALSE,8,"V",4,"V",NA,NA
"SBNP","skull","distance","ADE","D","broad sense heritability",0.646342562006263,2.07036313429902e-32,0.859741291722121,TRUE,0.257122725625448,1,0.15768125869536,2.50137853644114e-37,0.852010237998813,0.761397637195732,1,0.195976179298377,0.139258306109285,0.266686690031857,1.8928880374625e-18,1.91181691783712e-16,0.804023820701623,0.733313310014351,0.86074169396695,TRUE,0.703354101992745,0.235141358616806,0.800925825471674,0.771073297564623,0.827265192837324,TRUE,TRUE,0.785937224033954,0.751533694096396,0.81650324899318,TRUE,TRUE,FALSE,FALSE,TRUE,FALSE,NA,NA,NA,NA,NA,NA,NA,NA,FALSE,FALSE,FALSE,FALSE,TRUE,NA,TRUE,TRUE,TRUE,TRUE,6,"IV",NA,NA,4,"V"
"SNOR","skull","distance","ADE","D","broad sense heritability",0.910859725372726,3.52682151689967e-31,1,TRUE,0.290260297542878,1,0.0891402745990645,3.0905011818772e-27,1,0.911145678299887,1,2.82096083628011e-11,0,0.127020086759135,1,1,0.99999999997179,0.872979913003312,1,TRUE,0.589498233820951,0.257688968627024,0.530625048609911,0.471728990690647,0.584807294628605,FALSE,FALSE,0.438641513976171,0.378165900146364,0.498243256751314,FALSE,FALSE,FALSE,FALSE,TRUE,FALSE,NA,NA,NA,NA,NA,NA,NA,NA,FALSE,FALSE,FALSE,FALSE,TRUE,NA,TRUE,TRUE,FALSE,FALSE,8,"V",NA,NA,4,"V"
"ANNF","skull","angle","ADE","D","broad sense heritability",0.66891719548998,6.7748865637519e-31,0.799027381854204,TRUE,0.303204377584084,1,0.0551746937979728,0,0.790947902382356,0.927137033874218,1,0.275908110712047,0.200289611531916,0.368045359820426,3.62593575318462e-20,3.80723254084385e-18,0.724091889287953,0.631954640060844,0.79971038909085,TRUE,0.563264209504004,0.275225062957649,0.743537663723871,0.706293365042678,0.776677231584383,FALSE,FALSE,0.73938847380826,0.699042853062876,0.77542179979562,FALSE,FALSE,FALSE,FALSE,TRUE,FALSE,NA,NA,NA,NA,NA,NA,NA,NA,FALSE,FALSE,FALSE,FALSE,TRUE,NA,TRUE,TRUE,FALSE,FALSE,8,"V",NA,NA,4,"V"
"SVTv*","general","distance","ACE","C","familiality",0.242870135923621,4.24011861605412e-35,0.741933620533374,TRUE,0.307380976088689,1,0.43476281861782,4.17261884627837e-33,0.72953774881061,0.117864587674439,1,0.322367045458559,0.232467859862971,0.430986926899827,1.94598064769583e-18,1.94598064769583e-16,0.677632954541441,0.569013073155652,0.767532140135726,TRUE,0.684459295831333,0.321727367717879,0.803675347768101,0.774158443126177,0.8297047646824,TRUE,TRUE,0.692247750126686,0.646606615336483,0.733440813693151,FALSE,FALSE,FALSE,FALSE,TRUE,FALSE,FALSE,FALSE,TRUE,FALSE,TRUE,NA,TRUE,TRUE,NA,NA,NA,NA,NA,NA,NA,NA,TRUE,TRUE,6,"IV",3,"IV",NA,NA
"OPHW","oral","ratio","ACE","C","familiality",0.418984581827301,2.75912809146888e-30,0.662929570126038,TRUE,0.309800207351756,1,0.0863705511693426,1.16509387152435e-31,0.595557900965729,0.83319554700996,1,0.494644867003356,0.337222113972109,0.670337573940519,1.60051728791198e-10,1.10435692865927e-08,0.505355132996644,0.32966242624539,0.662777885863124,TRUE,0.312664666789545,0.154368691212656,0.496629996811199,0.434991223946537,0.553636048993429,FALSE,FALSE,0.4821545321151,0.41817461258812,0.541745173956641,FALSE,FALSE,FALSE,FALSE,TRUE,FALSE,FALSE,FALSE,FALSE,FALSE,TRUE,NA,TRUE,TRUE,NA,NA,NA,NA,NA,NA,NA,NA,FALSE,FALSE,8,"V",4,"V",NA,NA
"SIOD","skull","distance","ADE","D","broad sense heritability",0.584222502773334,0,1,TRUE,0.343817223516942,1,0.379390612847702,1.20695864384576e-33,1,0.501999978198111,1,0.0363868843789641,1.25480737442572e-33,0.114874567259945,0.314937096796288,1,0.963613115621036,0.885125432651014,1,TRUE,0.738487182485123,0.301335856051417,0.707151646877205,0.665811481446394,0.74416330265823,FALSE,FALSE,0.611823529032346,0.555940064024708,0.663034393237004,FALSE,FALSE,FALSE,FALSE,TRUE,FALSE,NA,NA,NA,NA,NA,NA,NA,NA,FALSE,FALSE,TRUE,FALSE,TRUE,NA,TRUE,TRUE,FALSE,FALSE,8,"V",NA,NA,3,"IV"
"L2EP","larynx","distance","ACE","C","familiality",0.280877533073948,3.17392583193782e-27,0.712773101206743,TRUE,0.358914627824254,1,0.327812090186102,3.20162264558354e-36,0.679073633747516,0.326012201220324,1,0.391310376739949,0.279567102967637,0.521425729107067,2.59502807708208e-15,2.23172414629059e-13,0.608689623260051,0.478574271803349,0.72043289719268,TRUE,0.473420698621777,0.285150420738829,0.665038866807674,0.618964353125685,0.706551922377398,FALSE,FALSE,0.610185358438433,0.556695202272632,0.659208932196096,FALSE,FALSE,FALSE,FALSE,TRUE,FALSE,FALSE,FALSE,TRUE,FALSE,TRUE,NA,TRUE,TRUE,NA,NA,NA,NA,NA,NA,NA,NA,FALSE,FALSE,8,"V",3,"IV",NA,NA
"CS7H","cervical","distance","ACE","C","familiality",0.253782949005952,2.15024449106762e-34,0.737886377518675,TRUE,0.372432645120367,1,0.398473955523472,1.24629404400581e-38,0.718451630387643,0.229136733778754,1,0.347743095470575,0.248706994833496,0.466215999742004,1.42523837955291e-16,1.35397646057526e-14,0.652256904529425,0.533783865416105,0.751293005123244,TRUE,0.515007712598579,0.32666674306727,0.685347989011489,0.641316702618259,0.724880104702644,FALSE,FALSE,0.659165326267731,0.609856458133834,0.703959666877393,FALSE,FALSE,FALSE,FALSE,TRUE,FALSE,FALSE,FALSE,TRUE,FALSE,TRUE,NA,TRUE,TRUE,NA,NA,NA,NA,NA,NA,NA,NA,FALSE,FALSE,8,"V",3,"IV",NA,NA
"HIML*","hard palate","distance","ACE","C","familiality",0.236817130973624,2.30823636459231e-28,0.783183323388659,TRUE,0.374523816015368,1,0.471119104334178,2.90612711318505e-28,0.772754364857255,0.124703717800612,1,0.292063764692199,0.190473498886501,0.413732499348783,4.34012174220725e-10,2.77767791501264e-08,0.707936235307801,0.586267506137968,0.809526499531438,TRUE,0.509754363428422,0.300049303721086,0.650453458679207,0.602609222550872,0.693638596573013,FALSE,FALSE,0.609738235201705,0.554610903161477,0.6600666786578,FALSE,FALSE,FALSE,FALSE,TRUE,FALSE,FALSE,FALSE,TRUE,FALSE,TRUE,NA,TRUE,TRUE,NA,NA,NA,NA,NA,NA,NA,NA,FALSE,FALSE,8,"V",3,"IV",NA,NA
"APSN","skull","angle","ADE","D","broad sense heritability",0.538416722004241,1.15020999943807e-24,0.910305300687755,TRUE,0.376395072918226,1,0.317858249931192,1.06055505208764e-31,0.90923212251229,0.566320609445418,1,0.143725028064567,0.087122240584829,0.214795277301602,7.08503351162881e-08,3.89676843139584e-06,0.856274971935433,0.785204723163727,0.912877759415789,TRUE,0.667219265621004,0.292601701471633,0.725144074689417,0.685876468597628,0.760201175236881,FALSE,FALSE,0.721399544876973,0.678347228986015,0.759888064390529,FALSE,FALSE,FALSE,FALSE,TRUE,FALSE,NA,NA,NA,NA,NA,NA,NA,NA,FALSE,FALSE,TRUE,FALSE,TRUE,NA,TRUE,TRUE,FALSE,FALSE,8,"V",NA,NA,3,"IV"
"SSEN*","skull","distance","ADE","D","broad sense heritability",0.462700241054067,1.6467811840804e-35,0.834064455911023,TRUE,0.393270716281468,1,0.322015972841732,2.69484082071311e-24,0.83326452833054,0.514711406736432,1,0.215283786104201,0.162215757236764,0.282101407278063,6.98233419568203e-37,9.42615116417074e-35,0.784716213895799,0.717898592820998,0.837784242210963,TRUE,0.766041372552608,0.26114917639559,0.896362612040037,0.879796039918495,0.91075436897412,TRUE,TRUE,0.859893439827657,0.835988096194511,0.880874273223511,TRUE,TRUE,FALSE,FALSE,TRUE,FALSE,NA,NA,NA,NA,NA,NA,NA,NA,FALSE,FALSE,TRUE,FALSE,TRUE,NA,TRUE,TRUE,TRUE,TRUE,6,"IV",NA,NA,3,"IV"
"LAEA","larynx","distance","ACE","C","familiality",0.274120696921626,1.72974108209938e-27,0.612877665542389,TRUE,0.394360316414909,1,0.23138071261209,7.14761798545784e-32,0.581324338398144,0.508824931288262,1,0.494498590466284,0.384619288418268,0.622246716907787,3.45334519688086e-35,4.55841565988273e-33,0.505501409533716,0.377753283095207,0.615380711477901,TRUE,0.483769605613794,0.195839656823741,0.765765052982182,0.731280500463953,0.796344799944345,TRUE,FALSE,0.714837066756647,0.672888479796598,0.752547828016407,FALSE,FALSE,FALSE,FALSE,TRUE,FALSE,FALSE,FALSE,TRUE,FALSE,TRUE,NA,TRUE,TRUE,NA,NA,NA,NA,NA,NA,NA,NA,TRUE,FALSE,7,"IV",3,"IV",NA,NA
"ALNS","skull","angle","ACE","C","familiality",0.25713598837629,1.02195542439557e-36,0.80013846200304,TRUE,0.399480705341393,1,0.455583936440953,8.5281542968117e-32,0.784096531976516,0.221372458069143,1,0.287280075182757,0.184393983822276,0.409229954185892,2.05590627545783e-09,1.27466189078385e-07,0.712719924817243,0.590770045830456,0.815606017483485,TRUE,0.455947330866608,0.149134729589382,0.604710678415771,0.55256783347027,0.652138402632617,FALSE,FALSE,0.597984661003555,0.541934193689204,0.649266948252182,FALSE,FALSE,FALSE,FALSE,TRUE,FALSE,FALSE,FALSE,TRUE,FALSE,TRUE,NA,TRUE,TRUE,NA,NA,NA,NA,NA,NA,NA,NA,FALSE,FALSE,8,"V",3,"IV",NA,NA
"L3EP","larynx","distance","ACE","C","familiality",0.286269647319592,9.57412286818248e-30,0.71782429896381,TRUE,0.40148590871134,1,0.307252489646195,9.2613175570016e-26,0.678404056569064,0.390516365640911,1,0.406477863034212,0.276498727644053,0.555118675538517,3.6593506612698e-11,2.59813896950156e-09,0.593522136965788,0.444881318280521,0.723501272334104,TRUE,0.363084625423131,0.266976977070464,0.573423408568394,0.518346032106604,0.623763295455725,FALSE,FALSE,0.542136073226238,0.482024405687763,0.59734835470061,FALSE,FALSE,FALSE,FALSE,TRUE,FALSE,FALSE,FALSE,TRUE,FALSE,TRUE,NA,TRUE,TRUE,NA,NA,NA,NA,NA,NA,NA,NA,FALSE,FALSE,8,"V",3,"IV",NA,NA
"CS6H","cervical","distance","ADE","D","broad sense heritability",0.647891725414259,2.3925462635419e-26,0.784071144082803,TRUE,0.445351629118283,1,0.00423413688622718,0,0.778775673511262,0.995902774975646,1,0.347874137699514,0.2140579079818,0.498672339571549,1.04332341689294e-07,5.63394645122188e-06,0.652125862300487,0.501327660434291,0.785942257598433,TRUE,0.416146106283302,0.141409443115863,0.558737569274761,0.502221819739467,0.610500449835854,FALSE,FALSE,0.515149356027961,0.452890718323144,0.572826355725973,FALSE,FALSE,FALSE,FALSE,TRUE,FALSE,NA,NA,NA,NA,NA,NA,NA,NA,FALSE,FALSE,FALSE,FALSE,TRUE,NA,TRUE,TRUE,FALSE,FALSE,8,"V",NA,NA,4,"V"
"LACT","larynx","distance","ACE","C","familiality",0.168677589666696,2.56407057446481e-25,0.694233263280366,FALSE,0.46328855025545,1,0.474909877604113,8.21944721264631e-29,0.706220436885868,0.0778245100210659,1,0.356412532729191,0.267987277418789,0.462298686788039,5.12433226195698e-27,6.04671206910924e-25,0.643587467270809,0.537701313167607,0.732012722436006,TRUE,0.640538407942065,0.366015397136068,0.807650560916332,0.778608688985202,0.833239942404805,TRUE,TRUE,0.736579059295191,0.696169568536985,0.772726085165297,FALSE,FALSE,FALSE,FALSE,FALSE,FALSE,FALSE,FALSE,TRUE,FALSE,TRUE,NA,TRUE,TRUE,NA,NA,NA,NA,NA,NA,NA,NA,TRUE,TRUE,9,"V",3,"IV",NA,NA
"DSIL","dentition","distance","ACE","C","familiality",0.304708871125132,0,0.820985916820797,TRUE,0.46959255979558,1,0.349156761481174,0,0.775143601187627,0.419018901653971,1,0.346134367393694,0.17909704299973,0.534206720076366,0.00010832765869261,0.00389979571293396,0.653865632606305,0.46579327876985,0.820902952711759,TRUE,0.349465229936676,0.186668906200531,0.453621117235352,0.389241305136182,0.513590721862695,FALSE,FALSE,0.415963638812152,0.347276676564262,0.480792562586302,FALSE,FALSE,FALSE,FALSE,TRUE,FALSE,FALSE,FALSE,TRUE,FALSE,TRUE,NA,TRUE,TRUE,NA,NA,NA,NA,NA,NA,NA,NA,FALSE,FALSE,8,"V",3,"IV",NA,NA
"L5EP","larynx","distance","ADE","D","broad sense heritability",0.472941112883905,0,0.674710130997537,TRUE,0.484718156099857,1,0.0908167820903615,4.60341226333248e-39,0.672328898203917,0.890658096020652,1,0.436242105025733,0.322908521645308,0.568350183513418,2.40444917100686e-21,2.64489408810755e-19,0.563757894974267,0.431649817171309,0.677091478907844,TRUE,0.38002386303111,0.213126930528926,0.660278993582727,0.613662398643502,0.702308388414778,FALSE,FALSE,0.650991447439355,0.601596164320013,0.69570345571058,FALSE,FALSE,FALSE,FALSE,TRUE,FALSE,NA,NA,NA,NA,NA,NA,NA,NA,FALSE,FALSE,FALSE,FALSE,TRUE,NA,TRUE,TRUE,FALSE,FALSE,8,"V",NA,NA,4,"V"
"OCMR","oral","ratio","ACE","C","familiality",0.286829756382337,1.63859094381331e-30,0.700970682354407,TRUE,0.491838663220364,1,0.246921306550819,8.18199823424522e-33,0.65200202361208,0.550377231734685,1,0.466248937066845,0.297278990071242,0.655739038975725,1.95761139831545e-08,1.17456683898927e-06,0.533751062933155,0.344260959192721,0.702721010005225,TRUE,0.261851624774009,0.104565456659338,0.468236641590053,0.404504438412054,0.527442917198182,FALSE,FALSE,0.461347336698339,0.395130469040682,0.523373972614259,FALSE,FALSE,FALSE,FALSE,TRUE,FALSE,FALSE,FALSE,TRUE,FALSE,TRUE,NA,TRUE,TRUE,NA,NA,NA,NA,NA,NA,NA,NA,FALSE,FALSE,8,"V",3,"IV",NA,NA
"ABSN","skull","angle","ADE","D","broad sense heritability",0.361641817699115,0,0.835443756919918,TRUE,0.495429313733123,1,0.423619744608717,1.49382628887051e-36,0.840049377908111,0.385884724122149,1,0.214738437692168,0.157398318425726,0.287218271300482,8.5026391413184e-26,9.94808779534253e-24,0.785261562307832,0.712781728679169,0.842601681571109,TRUE,0.655808908067315,0.259197172900442,0.819117012887023,0.791630211133612,0.843295070379008,TRUE,TRUE,0.819007039593023,0.788973276150909,0.845383169844596,TRUE,TRUE,FALSE,FALSE,TRUE,FALSE,NA,NA,NA,NA,NA,NA,NA,NA,FALSE,FALSE,TRUE,FALSE,TRUE,NA,TRUE,TRUE,TRUE,TRUE,6,"IV",NA,NA,3,"IV"
"OMHW","oral","ratio","ACE","C","familiality",0.301715374137897,1.57625180480453e-25,0.630968075338054,TRUE,0.501010749291199,1,0.171515815609061,1.52864550715604e-40,0.591172155516657,0.704433072110199,1,0.526768810253042,0.369412299316207,0.699319797938421,1.74685360351792e-11,1.2577345945329e-09,0.473231189746958,0.300680201978892,0.630587700124446,TRUE,0.270335813891645,0.171858636895778,0.484201366030442,0.421312437467256,0.542455960191838,FALSE,FALSE,0.483483898479427,0.417823314759305,0.54394015931142,FALSE,FALSE,FALSE,FALSE,TRUE,FALSE,FALSE,FALSE,FALSE,FALSE,TRUE,NA,TRUE,TRUE,NA,NA,NA,NA,NA,NA,NA,NA,FALSE,FALSE,8,"V",4,"V",NA,NA
"OMHL","oral","ratio","ACE","C","familiality",0.296217228875444,0,0.597323993146586,TRUE,0.530907167440946,1,0.112039882957146,4.73828243841412e-43,0.547330878937038,0.805146383358917,1,0.59174288816741,0.402707206167255,0.792386876121413,1.8361117581273e-09,1.1567504076202e-07,0.40825711183259,0.207613125074356,0.597292793793479,TRUE,0.251946398002072,0.110436280735471,0.437700042588756,0.371430521578327,0.499532452973822,FALSE,FALSE,0.420404722910521,0.351368319204085,0.485260200683633,FALSE,FALSE,FALSE,FALSE,TRUE,FALSE,FALSE,FALSE,FALSE,FALSE,TRUE,NA,TRUE,TRUE,NA,NA,NA,NA,NA,NA,NA,NA,FALSE,FALSE,8,"V",4,"V",NA,NA
"CS3H","cervical","distance","ACE","C","familiality",0.202964006548549,1.89818998911773e-34,0.892557617238345,TRUE,0.535797091168027,1,0.597112907980191,3.38889253071846e-37,0.900436732879588,0.117122066426379,1,0.199923085471261,0.0687473632107445,0.34440114329933,0.00306285684653791,0.0735085643169098,0.800076914528739,0.655598857641235,0.931252626209693,TRUE,0.521002187658008,0.322439510055381,0.59505748435156,0.54187096387145,0.643496991048307,FALSE,FALSE,0.475808787514889,0.409609397567597,0.537925444552031,FALSE,FALSE,FALSE,FALSE,TRUE,FALSE,FALSE,FALSE,TRUE,FALSE,TRUE,NA,TRUE,TRUE,NA,NA,NA,NA,NA,NA,NA,NA,FALSE,FALSE,8,"V",3,"IV",NA,NA
"DAIS","dentition","angle","ACE","C","familiality",0.244813860976218,3.40160894823212e-30,0.541355636965964,TRUE,0.555484271770414,1,0.168676164209995,0,0.517639402440333,0.699274840927375,1,0.586509974813787,0.458108981521847,0.72328818763946,1.23666655588561e-30,1.55819986041587e-28,0.413490025186213,0.276598217142316,0.5418910189257,TRUE,0.309104164134438,0.12659653650231,0.647169395511763,0.599268792195068,0.690452537982642,FALSE,FALSE,0.646738076967457,0.597818392005404,0.691167302329134,FALSE,FALSE,FALSE,FALSE,TRUE,FALSE,FALSE,FALSE,FALSE,FALSE,TRUE,NA,TRUE,TRUE,NA,NA,NA,NA,NA,NA,NA,NA,FALSE,FALSE,8,"V",4,"V",NA,NA
"DIPD","dentition","distance","ADE","D","broad sense heritability",0.326915439535192,5.88497722118137e-34,0.722458916433213,TRUE,0.56818187696476,1,0.318635390034439,9.20833223903276e-36,0.726654596294643,0.559713896368121,1,0.354449170430369,0.270923555982009,0.455393363520496,9.51770042480087e-36,1.27537185692332e-33,0.645550829569631,0.544606636511119,0.7290764440478,TRUE,0.549320746851691,0.225991834274659,0.797664106882473,0.767359997513168,0.824412928568109,TRUE,TRUE,0.779730697583963,0.745361150448662,0.810409398873276,TRUE,FALSE,FALSE,FALSE,TRUE,FALSE,NA,NA,NA,NA,NA,NA,NA,NA,FALSE,FALSE,TRUE,FALSE,TRUE,NA,TRUE,TRUE,TRUE,TRUE,6,"IV",NA,NA,3,"IV"
"OPMR","oral","ratio","ADE","D","broad sense heritability",0.46153082555649,0,0.688229284857507,TRUE,0.571376885690881,1,0.100970833049494,8.51421575528689e-30,0.688511581216534,0.899104619774116,1,0.437498341394017,0.308902908298081,0.584481442204462,1.21059848659892e-13,1.0047967438771e-11,0.562501658605983,0.415518513561518,0.691097091943714,TRUE,0.354024291424901,0.105987061455225,0.573010445132877,0.517988125218608,0.623310493302291,FALSE,FALSE,0.560425509145954,0.502854412197852,0.613321838867996,FALSE,FALSE,FALSE,FALSE,TRUE,FALSE,NA,NA,NA,NA,NA,NA,NA,NA,FALSE,FALSE,FALSE,FALSE,TRUE,NA,TRUE,TRUE,FALSE,FALSE,8,"V",NA,NA,4,"V"
"ACSN","skull","angle","ADE","D","broad sense heritability",0.301743830033846,0,0.840374706778106,TRUE,0.573917358216523,1,0.496691099636961,1.67690821623687e-28,0.846354286375141,0.310059290386563,1,0.201565070329193,0.151880992818789,0.26412923702176,1.07408501633707e-35,1.4285330717283e-33,0.798434929670807,0.735870762912332,0.848119007175989,TRUE,0.707551391427991,0.247586075093928,0.867476859357075,0.846719563223692,0.885597330997787,TRUE,TRUE,0.862841463278713,0.839472586587039,0.883322964485743,TRUE,TRUE,FALSE,FALSE,TRUE,FALSE,NA,NA,NA,NA,NA,NA,NA,NA,FALSE,FALSE,TRUE,FALSE,TRUE,NA,TRUE,TRUE,TRUE,TRUE,6,"IV",NA,NA,3,"IV"
"HIPH","hard palate","distance","ACE","C","familiality",0.264391706664218,0,0.71626954285174,TRUE,0.576056315493583,1,0.273697604941686,0,0.677104546267216,0.565347907964081,1,0.461910688394095,0.282128425845715,0.654136399599213,1.02584274985424e-06,4.92404519930035e-05,0.538089311605904,0.345863604112012,0.717871574091793,TRUE,0.271023464263491,0.144875461300178,0.427632958460687,0.361151798747314,0.489789056435525,FALSE,FALSE,0.412037812336958,0.343312115575054,0.476667062470071,FALSE,FALSE,FALSE,FALSE,TRUE,FALSE,FALSE,FALSE,TRUE,FALSE,TRUE,NA,TRUE,TRUE,NA,NA,NA,NA,NA,NA,NA,NA,FALSE,FALSE,8,"V",3,"IV",NA,NA
"HICL","hard palate","distance","ADE","D","broad sense heritability",0.597356815524551,1.25521691922143e-42,0.871496076483608,TRUE,0.578053625747021,1,0.0906170096453059,0,0.868937587485322,0.931367145485046,1,0.312026174830143,0.124246837854199,0.504765149447956,0.00165000982499937,0.0412502456249842,0.687973825169857,0.495234843645061,0.875753160430812,TRUE,0.330458047247907,0.0667251085250273,0.401075358478412,0.333063716165134,0.46493522791061,FALSE,FALSE,0.384435119945249,0.312260812138084,0.452445197280484,FALSE,FALSE,FALSE,FALSE,TRUE,FALSE,NA,NA,NA,NA,NA,NA,NA,NA,FALSE,FALSE,FALSE,FALSE,TRUE,NA,TRUE,TRUE,FALSE,FALSE,8,"V",NA,NA,4,"V"
"HIMH","hard palate","distance","ADE","D","broad sense heritability",0.475626862189336,2.61323715327956e-35,0.674241149972786,TRUE,0.583550060041799,1,0.0267378038475318,0,0.675386866162391,0.97539965873866,1,0.497635333963132,0.321543943698524,0.685375498986473,4.02004950418805e-08,2.27972932467684e-06,0.502364666036868,0.314624501120926,0.678456080785958,TRUE,0.303083588231015,0.125699422753538,0.469303530880196,0.40548729847895,0.52856729927256,FALSE,FALSE,0.434596772646586,0.366417772160017,0.497975905921022,FALSE,FALSE,FALSE,FALSE,TRUE,FALSE,NA,NA,NA,NA,NA,NA,NA,NA,FALSE,FALSE,FALSE,FALSE,TRUE,NA,TRUE,TRUE,FALSE,FALSE,8,"V",NA,NA,4,"V"
"L5CT","larynx","distance","ACE","C","familiality",0.132653621699087,0,0.649537123305965,FALSE,0.606588830753719,1,0.437186316122265,1.12619216657409e-27,0.652659024683502,0.1079871186785,1,0.430160062178648,0.320526047557422,0.557842388970771,3.27132001460617e-25,3.7620180167971e-23,0.569839937821351,0.442157600336308,0.679473952379144,TRUE,0.437039078543774,0.396975338547516,0.712193793236431,0.671255888536118,0.748800024250037,FALSE,FALSE,0.689541812801272,0.643605650487105,0.73079158982983,FALSE,FALSE,FALSE,FALSE,FALSE,FALSE,FALSE,FALSE,TRUE,FALSE,TRUE,NA,TRUE,TRUE,NA,NA,NA,NA,NA,NA,NA,NA,FALSE,FALSE,11,"V",3,"IV",NA,NA
"L4EP","larynx","distance","ADE","D","broad sense heritability",0.488461374672931,5.08482617778628e-40,0.719533572423924,TRUE,0.607049821461586,1,0.0559744649715623,0,0.720636274652391,0.950963342084279,1,0.455564160355506,0.276514282759021,0.647956885318998,9.33987451758069e-07,4.66993725879034e-05,0.544435839644494,0.352043114910515,0.723485715195244,TRUE,0.23705969683087,0.0820617402549435,0.443872287150654,0.378510619212519,0.504829114558542,FALSE,FALSE,0.425737273808549,0.356770934988626,0.490300732765549,FALSE,FALSE,FALSE,FALSE,TRUE,FALSE,NA,NA,NA,NA,NA,NA,NA,NA,FALSE,FALSE,FALSE,FALSE,TRUE,NA,TRUE,TRUE,FALSE,FALSE,8,"V",NA,NA,4,"V"
"HARC","hard palate","angle","ACE","C","familiality",0.263325501915695,8.07159589276809e-39,0.586830651655466,TRUE,0.613274178715116,1,0.0791025027910833,5.95318540495407e-33,0.521388361073254,0.867912012567537,1,0.657571995293221,0.413324144196603,0.903617713194659,4.34524708288834e-07,2.30298095393082e-05,0.342428004706779,0.0963822916354628,0.586675855907737,TRUE,0.116297308692295,0.0301311206857023,0.356903962882313,0.286719983167004,0.423277384238567,FALSE,FALSE,0.342897266442039,0.271616782784938,0.410529616931776,FALSE,FALSE,FALSE,FALSE,TRUE,FALSE,FALSE,FALSE,FALSE,FALSE,TRUE,NA,TRUE,FALSE,NA,NA,NA,NA,NA,NA,NA,NA,FALSE,FALSE,8,"V",4,"V",NA,NA
"MCPD","mandible","distance","ADE","D","broad sense heritability",0.255089130538273,4.18353020651179e-33,0.857062326359786,TRUE,0.614989905187013,1,0.567132037643345,4.72742956080187e-34,0.865824982534661,0.218521051335758,1,0.177778831818382,0.132862953222727,0.234506108148218,7.04136447225229e-33,9.08336016920545e-31,0.822221168181618,0.765493891782407,0.867137046868929,TRUE,0.823949070706868,0.188064154752172,0.918033260646288,0.904779605578053,0.929510418123387,TRUE,TRUE,0.86838829076304,0.845818557936459,0.888102516740333,TRUE,TRUE,FALSE,FALSE,TRUE,FALSE,NA,NA,NA,NA,NA,NA,NA,NA,FALSE,FALSE,TRUE,FALSE,TRUE,NA,TRUE,TRUE,TRUE,TRUE,6,"IV",NA,NA,3,"IV"
"LHEA","larynx","distance","ACE","C","familiality",0.229941866061581,2.26128906527425e-25,0.523503535491513,TRUE,0.630367770692893,1,0.136522114985701,1.03445508458699e-31,0.495893861394914,0.774746560481217,1,0.633536018952718,0.475900019263636,0.803049206620038,2.72771053481661e-17,2.61860211342395e-15,0.366463981047282,0.196950801451278,0.524097879289193,TRUE,0.361234295580443,0.130527120899099,0.609455713124936,0.557679429068632,0.656507754718985,FALSE,FALSE,0.509467244837943,0.448187752353846,0.566118698569961,FALSE,FALSE,FALSE,FALSE,TRUE,FALSE,FALSE,FALSE,FALSE,FALSE,TRUE,NA,TRUE,FALSE,NA,NA,NA,NA,NA,NA,NA,NA,FALSE,FALSE,8,"V",4,"V",NA,NA
"L2EA","larynx","distance","ADE","D","broad sense heritability",0.3993161864514,2.97387039664528e-36,0.632049564017535,TRUE,0.63108662279605,1,0.112782251218865,1.1894879732258e-35,0.632072511147812,0.889467648616146,1,0.487901562329735,0.366125645474574,0.626099411723797,4.14091406015058e-20,4.3065506225566e-18,0.512098437670265,0.373900588232335,0.633874355258381,TRUE,0.431609576948184,0.161056226364355,0.653811936658697,0.606317742451854,0.696658408093997,FALSE,FALSE,0.609632419887723,0.555949677712795,0.658351428155231,FALSE,FALSE,FALSE,FALSE,TRUE,FALSE,NA,NA,NA,NA,NA,NA,NA,NA,FALSE,FALSE,FALSE,FALSE,TRUE,NA,TRUE,TRUE,FALSE,FALSE,8,"V",NA,NA,4,"V"
"HIPL*","hard palate","distance","ACE","C","familiality",0.154908795169914,0,0.675495806399612,FALSE,0.634795941445766,1,0.414477906571878,4.13384882025115e-30,0.66617681079582,0.241287350576821,1,0.430613298258208,0.311169125576627,0.56757213059568,3.29797008811009e-16,3.10009188282348e-14,0.569386701741792,0.432427869117694,0.688830874768136,TRUE,0.385692458186804,0.271805802670674,0.626009899312783,0.57576521869088,0.671544192851704,FALSE,FALSE,0.604338001405671,0.549760157757832,0.654228824310795,FALSE,FALSE,FALSE,FALSE,FALSE,FALSE,FALSE,FALSE,TRUE,FALSE,TRUE,NA,TRUE,TRUE,NA,NA,NA,NA,NA,NA,NA,NA,FALSE,FALSE,11,"V",3,"IV",NA,NA
"OCHW","oral","ratio","ACE","C","familiality",0.195256491073549,1.99989753318259e-25,0.722840704043626,FALSE,0.649932525564576,1,0.332912444447327,3.74942478806419e-38,0.678350497504653,0.417239106537561,1,0.471831064479124,0.272476805206731,0.679060201401567,5.05765798095701e-06,0.000222536951162108,0.528168935520876,0.320939798560554,0.727523194951224,TRUE,0.216538168044607,0.152506501425844,0.406460192503939,0.338659016540673,0.470062059686992,FALSE,FALSE,0.397858552709667,0.327882833432955,0.46375495885344,FALSE,FALSE,FALSE,FALSE,FALSE,FALSE,FALSE,FALSE,TRUE,FALSE,TRUE,NA,TRUE,TRUE,NA,NA,NA,NA,NA,NA,NA,NA,FALSE,FALSE,11,"V",3,"IV",NA,NA
"DICD","dentition","distance","ADE","D","broad sense heritability",0.306052871354394,1.657847954828e-36,0.740124530185892,TRUE,0.662564864977502,1,0.34173583887573,8.18474637288351e-33,0.745323641178018,0.611766819567433,1,0.352211289769876,0.253365063888397,0.47162057986033,3.69730871668115e-19,3.77125489101477e-17,0.647788710230124,0.528379418034918,0.746634936123877,TRUE,0.504196401300858,0.228253698239359,0.709946635499317,0.668820621270024,0.746740644534731,FALSE,FALSE,0.684402466770777,0.638204032871771,0.726256562268444,FALSE,FALSE,FALSE,FALSE,TRUE,FALSE,NA,NA,NA,NA,NA,NA,NA,NA,FALSE,FALSE,TRUE,FALSE,TRUE,NA,TRUE,TRUE,FALSE,FALSE,8,"V",NA,NA,3,"IV"
"MPGR","mandible","distance","ADE","D","broad sense heritability",0.24484812530994,5.01320986048635e-28,0.881223312425889,TRUE,0.6678651661197,1,0.595265823783443,1.00940999712809e-44,0.891492699280244,0.25111679955619,1,0.159886050906617,0.107716917397756,0.225710214082516,2.05591886502278e-13,1.68585346931868e-11,0.840113949093383,0.774289785920346,0.89228308260728,TRUE,0.762078690254284,0.119697514133294,0.839727600886988,0.814991075394692,0.861409289881065,TRUE,TRUE,0.781547323892155,0.746092314365337,0.812980310267823,TRUE,FALSE,FALSE,FALSE,TRUE,FALSE,NA,NA,NA,NA,NA,NA,NA,NA,FALSE,FALSE,TRUE,FALSE,TRUE,NA,TRUE,TRUE,TRUE,TRUE,6,"IV",NA,NA,3,"IV"
"DIIL","dentition","distance","ADE","D","broad sense heritability",0.576180729908425,6.43277945075418e-32,1,TRUE,0.687783650187931,1,0.116713898312477,8.28784872569363e-24,1,0.935631379445126,1,0.307105371779098,1.30876738370279e-36,0.65114829595211,0.123082935035032,1,0.692894628220902,0.348851704198226,1,TRUE,0.173755846062179,0.0592454427359756,0.228671267142067,0.152918534578299,0.301752408489996,FALSE,FALSE,0.224647094138291,0.148781805249007,0.299332951469366,FALSE,FALSE,FALSE,FALSE,TRUE,FALSE,NA,NA,NA,NA,NA,NA,NA,NA,FALSE,FALSE,FALSE,FALSE,TRUE,NA,TRUE,TRUE,FALSE,FALSE,8,"V",NA,NA,4,"V"
"OPHL","oral","ratio","ACE","C","familiality",0.21921027325848,7.25648774889871e-29,0.666380312989984,TRUE,0.698557034575518,1,0.246082783397184,0,0.635309511107684,0.663170127473091,1,0.534706943344336,0.333125301484951,0.744798380592213,8.94897392452135e-07,4.56397670150589e-05,0.465293056655664,0.255201601650607,0.666874698997631,TRUE,0.212366544600225,0.0852166694988145,0.377483529826926,0.307885376323555,0.443063239088695,FALSE,FALSE,0.379148858747387,0.308342454029123,0.445876482220602,FALSE,FALSE,FALSE,FALSE,TRUE,FALSE,FALSE,FALSE,TRUE,FALSE,TRUE,NA,TRUE,TRUE,NA,NA,NA,NA,NA,NA,NA,NA,FALSE,FALSE,8,"V",3,"IV",NA,NA
"LNEA","larynx","distance","ADE","D","broad sense heritability",0.245660232785638,1.64446011590944e-29,0.625802272741609,TRUE,0.705070997620901,1,0.273316370137455,6.80419247681553e-28,0.633164299613491,0.668016428815749,1,0.481023397076907,0.36633068886353,0.61508784882364,1.62065433369998e-28,1.99340483045098e-26,0.518976602923093,0.38491215004223,0.633669310609559,TRUE,0.463754587199119,0.0824038603376071,0.745753887701637,0.708714625227205,0.778693313655016,FALSE,FALSE,0.686191835639218,0.640976511421876,0.726953742877915,FALSE,FALSE,FALSE,FALSE,TRUE,FALSE,NA,NA,NA,NA,NA,NA,NA,NA,FALSE,FALSE,TRUE,FALSE,TRUE,NA,TRUE,TRUE,FALSE,FALSE,8,"V",NA,NA,3,"IV"
"OPLW","oral","ratio","ACE","C","familiality",0.153513102344027,4.38279875137071e-37,0.607042616379826,FALSE,0.710375587618921,1,0.288646494185167,1.70072809110393e-30,0.578324429913881,0.476547782655024,1,0.557840403470806,0.390818387209873,0.735034214892805,8.07300089406264e-12,6.05475067054698e-10,0.442159596529194,0.264965783483176,0.609181611220871,TRUE,0.290367071734704,0.247944214983755,0.500224165080085,0.438757446985448,0.557031705570457,FALSE,FALSE,0.4865995827067,0.422220147019619,0.546449524851761,FALSE,FALSE,FALSE,FALSE,FALSE,FALSE,FALSE,FALSE,TRUE,FALSE,TRUE,NA,TRUE,TRUE,NA,NA,NA,NA,NA,NA,NA,NA,FALSE,FALSE,11,"V",3,"IV",NA,NA
"HICH","hard palate","distance","ACE","C","familiality",0.166793417460139,4.19006258913198e-27,0.676092891440772,FALSE,0.711829569261176,1,0.29937277750901,1.72993159153675e-30,0.630672336721486,0.478962563270801,1,0.533833805030851,0.321787149309314,0.749440657345069,1.35539503098143e-06,6.37035664561272e-05,0.466166194969149,0.250559342646528,0.678212850765193,TRUE,0.173154707018495,0.123307796515005,0.391121953753023,0.322412774823798,0.455731383071183,FALSE,FALSE,0.385822869233899,0.315412198932847,0.452104071034245,FALSE,FALSE,FALSE,FALSE,FALSE,FALSE,FALSE,FALSE,TRUE,FALSE,TRUE,NA,TRUE,TRUE,NA,NA,NA,NA,NA,NA,NA,NA,FALSE,FALSE,11,"V",3,"IV",NA,NA
"HCTH","hard palate","distance","ACE","C","familiality",0.190224712688165,2.00364204906268e-47,0.729767423171894,FALSE,0.713218185913189,1,0.344090320167237,1.75316832518241e-26,0.701755588331882,0.506569168286717,1,0.465684967144598,0.266724493400479,0.672969304862171,1.13488293755009e-05,0.000465302004395537,0.534315032855402,0.327030691272882,0.733275503605761,TRUE,0.305328732706129,0.175869803447396,0.436339735322094,0.370696816941317,0.497644897954999,FALSE,FALSE,0.379424298894716,0.308754847946801,0.446118428019183,FALSE,FALSE,FALSE,FALSE,FALSE,FALSE,FALSE,FALSE,TRUE,FALSE,TRUE,NA,TRUE,TRUE,NA,NA,NA,NA,NA,NA,NA,NA,FALSE,FALSE,11,"V",3,"IV",NA,NA
"OMLW","oral","ratio","ACE","C","familiality",0.0937433757117271,1.32500953877062e-30,0.682914409872389,FALSE,0.727972354990816,1,0.524866616457189,2.52870207601255e-38,0.709058126096865,0.07436142343004,1,0.381390007831084,0.271083864357971,0.506432790055706,3.70001360086872e-16,3.44101264880791e-14,0.618609992168916,0.493567213499462,0.728916135850403,TRUE,0.541383458921448,0.337804270077897,0.696350582410995,0.653615025593187,0.734659637107923,FALSE,FALSE,0.633873635662055,0.581761556920319,0.68105459615502,FALSE,FALSE,FALSE,FALSE,FALSE,FALSE,FALSE,FALSE,TRUE,FALSE,TRUE,NA,TRUE,TRUE,NA,NA,NA,NA,NA,NA,NA,NA,FALSE,FALSE,11,"V",3,"IV",NA,NA
"HNAP","hard palate","distance","ACE","C","familiality",0.165540508182088,9.0159136573236e-40,0.390823520996133,FALSE,0.746703960901258,1,0.476921335656089,8.15403777902356e-40,0.821393766466229,0.363453136359037,1,0.357538156161823,0.150761396008512,0.566821234472878,0.00117683361171265,0.0305976739045289,0.642461843838177,0.433178764711606,0.849238567825556,TRUE,0.275068189106435,0.105290841601513,0.373934564453184,0.304485796019677,0.43942869468519,FALSE,FALSE,0.35568540863279,0.284151814252887,0.42372816581028,FALSE,FALSE,FALSE,FALSE,FALSE,FALSE,FALSE,FALSE,TRUE,FALSE,TRUE,NA,TRUE,TRUE,NA,NA,NA,NA,NA,NA,NA,NA,FALSE,FALSE,11,"V",3,"IV",NA,NA
"OCLW","oral","ratio","ACE","C","familiality",0.211576742671047,0,0.50155822214271,TRUE,0.753247358356142,1,0.0106343509217406,0,0.0106343509217406,0.986482153590391,1,0.777788906407213,0.498659645408406,1,1.91257894045221e-06,8.60660523203495e-05,0.222211093592787,0,0.501340354830424,FALSE,0.0855969538416606,0.0772519127696282,0.245531304143403,0.169693578367078,0.318478132323407,FALSE,FALSE,0.287459874517219,0.213210655171388,0.358365524887879,FALSE,FALSE,FALSE,FALSE,TRUE,FALSE,FALSE,FALSE,FALSE,FALSE,FALSE,NA,TRUE,FALSE,NA,NA,NA,NA,NA,NA,NA,NA,FALSE,FALSE,8,"V",4,"V",NA,NA
"OCPR","oral","ratio","ADE","D","broad sense heritability",0.269234113825301,2.13085983532355e-38,0.563704717792184,TRUE,0.765556347194346,1,0.142183810909092,0,0.567585507670835,0.874285914301924,1,0.588582075265607,0.4324654531522,0.75951514390845,1.34839266523539e-15,1.2000694720595e-13,0.411417924734393,0.240484879123091,0.567534547244928,TRUE,0.244387301709892,0.0456632746894595,0.51854056267391,0.458764488244742,0.573644291011164,FALSE,FALSE,0.517203088564795,0.455796588339554,0.573553558257786,FALSE,FALSE,FALSE,FALSE,TRUE,FALSE,NA,NA,NA,NA,NA,NA,NA,NA,FALSE,FALSE,FALSE,FALSE,TRUE,NA,TRUE,TRUE,FALSE,FALSE,8,"V",NA,NA,4,"V"
"HAPL","hard palate","distance","ACE","C","familiality",0.119929307330209,0,0.61417857494348,FALSE,0.783561913952124,1,0.343802327727025,9.17679027845387e-32,0.598464630382059,0.441644258109435,1,0.536268364942766,0.381698649539067,0.702247462585431,8.72637992465495e-13,6.98110393972396e-11,0.463731635057234,0.297752537735585,0.61830134999618,TRUE,0.265333874618471,0.232349684484506,0.517685247960451,0.457740751936343,0.572944444002762,FALSE,FALSE,0.50094526762694,0.43777363845026,0.559470860312779,FALSE,FALSE,FALSE,FALSE,FALSE,FALSE,FALSE,FALSE,TRUE,FALSE,TRUE,NA,TRUE,TRUE,NA,NA,NA,NA,NA,NA,NA,NA,FALSE,FALSE,11,"V",3,"IV",NA,NA
"MPGL","mandible","distance","ADE","D","broad sense heritability",0.152849122708533,8.05796945431014e-32,0.82604929447266,FALSE,0.798307063638545,1,0.623373652094286,1.74755745552295e-33,0.839516419153817,0.260912584253543,1,0.223777225197181,0.160474070247125,0.302909647647008,3.35793753728187e-20,3.55941378951878e-18,0.776222774802819,0.697090352306249,0.839525929750134,TRUE,0.741227889541392,0.151795480145656,0.843175512055105,0.818980819409747,0.864377498565098,TRUE,TRUE,0.777591446505735,0.742207223667839,0.809212418802443,TRUE,FALSE,FALSE,FALSE,FALSE,FALSE,NA,NA,NA,NA,NA,NA,NA,NA,FALSE,FALSE,TRUE,FALSE,TRUE,NA,TRUE,TRUE,TRUE,TRUE,9,"V",NA,NA,3,"IV"
"HICL*","hard palate","distance","ACE","C","familiality",0.142005330925014,4.65359484463545e-38,0.799216234581642,FALSE,0.803655922639674,1,0.439985344505534,1.55954180733974e-37,0.781027281654163,0.443147144386997,1,0.418009324569452,0.198239687590968,0.640215117560275,0.000596069620946388,0.016678066259481,0.581990675430548,0.359784882894501,0.801760303515373,TRUE,0.288125890534832,0.103780548439035,0.385484393569006,0.316565912679458,0.450354483581184,FALSE,FALSE,0.335860903950917,0.263243115116538,0.405001615404145,FALSE,FALSE,FALSE,FALSE,FALSE,FALSE,FALSE,FALSE,TRUE,FALSE,TRUE,NA,TRUE,TRUE,NA,NA,NA,NA,NA,NA,NA,NA,FALSE,FALSE,11,"V",3,"IV",NA,NA
"LAEP","larynx","distance","ACE","C","familiality",0.0696155540258988,2.02951789038221e-31,0.648606752819387,FALSE,0.806858694831539,1,0.50363498026679,4.01520850640825e-33,0.667792074105523,0.106340363673014,1,0.426749465707311,0.318155112061272,0.547734488664697,1.6809126337433e-21,1.8826221497925e-19,0.573250534292689,0.452265511179434,0.681844888145553,TRUE,0.549405242356653,0.328363396171711,0.73785044968739,0.699954578023448,0.771603113007438,FALSE,FALSE,0.657546825060075,0.608471994039465,0.702058100777057,FALSE,FALSE,FALSE,FALSE,FALSE,FALSE,FALSE,FALSE,TRUE,FALSE,TRUE,NA,TRUE,TRUE,NA,NA,NA,NA,NA,NA,NA,NA,FALSE,FALSE,11,"V",3,"IV",NA,NA
"MCMD","mandible","distance","ADE","D","broad sense heritability",0.0945519817885142,3.00449397884658e-26,0.863528677282048,FALSE,0.851790212470826,1,0.745047234551275,1.04193619301399e-10,0.881484717777464,0.105479242968814,1,0.160400783660211,0.118160824769923,0.214002230544597,2.43958484016908e-28,2.9275018082029e-26,0.839599216339789,0.785997769299547,0.881839175192356,TRUE,0.831629993811665,0.193722366114342,0.915686715470543,0.902073006489155,0.927480018183419,TRUE,TRUE,0.865899165815596,0.842887750060178,0.88601608460163,TRUE,TRUE,FALSE,FALSE,FALSE,FALSE,NA,NA,NA,NA,NA,NA,NA,NA,FALSE,FALSE,TRUE,FALSE,TRUE,NA,TRUE,TRUE,TRUE,TRUE,9,"V",NA,NA,3,"IV"
"HMTH","hard palate","distance","ADE","D","broad sense heritability",0.138336721064621,1.04957879409737e-32,0.768572684890435,FALSE,0.864108292306129,1,0.487030803679583,0,0.788494030058707,0.543791577044564,1,0.374632475255795,0.211430983991016,0.555853705891368,7.69279588326715e-06,0.00032309742709722,0.625367524744205,0.44414628866143,0.788569004010053,TRUE,0.352619860059234,0.0797896315569088,0.460423753986606,0.396140287346368,0.520215655888178,FALSE,FALSE,0.443263607454159,0.375346308768396,0.507052255024269,FALSE,FALSE,FALSE,FALSE,FALSE,FALSE,NA,NA,NA,NA,NA,NA,NA,NA,FALSE,FALSE,TRUE,FALSE,TRUE,NA,TRUE,TRUE,FALSE,FALSE,11,"V",NA,NA,3,"IV"
"HM2C","hard palate","curvature","ADE","D","broad sense heritability",0.219677902716827,0,0.912586905654527,TRUE,0.879881684718219,1,0.301355942118992,0,0.879955888617202,0.838639947506929,1,0.478966155164181,0.0671017037592317,0.841264938305638,0.0276308990241852,0.386832586338593,0.521033844835819,0.15873507407898,0.932911886947878,TRUE,0.102113596895635,0.0863298498262986,0.227832409629032,0.152115955871062,0.300890269225928,FALSE,FALSE,0.213142934426563,0.136275323862141,0.287889731054773,FALSE,FALSE,FALSE,FALSE,TRUE,FALSE,NA,NA,NA,NA,NA,NA,NA,NA,FALSE,FALSE,TRUE,FALSE,TRUE,NA,TRUE,FALSE,FALSE,FALSE,8,"V",NA,NA,3,"IV"
"HAML","hard palate","distance","ACE","C","familiality",0.0394197199784873,0,0.745808872873533,FALSE,0.905868358925985,1,0.622090130682294,4.7019666801738e-37,0.783000703502498,0.0851571411784467,1,0.338490149339219,0.202542690495618,0.482466243881085,4.37665972403317e-07,2.30298095393082e-05,0.661509850660781,0.517533756063708,0.79745729178882,TRUE,0.430029869356481,0.236664521861654,0.560254382806209,0.503776075895746,0.611963273565405,FALSE,FALSE,0.505825358645199,0.442383214848028,0.564773619210179,FALSE,FALSE,FALSE,FALSE,FALSE,FALSE,FALSE,FALSE,TRUE,FALSE,TRUE,NA,TRUE,TRUE,NA,NA,NA,NA,NA,NA,NA,NA,FALSE,FALSE,11,"V",3,"IV",NA,NA
"L2CT","larynx","distance","ACE","C","familiality",0.0291061520228827,0,0.607671649321353,FALSE,0.907572881478935,1,0.597521200500944,0.0445650214049872,0.715509086114559,0.0377342805338308,1,0.373372647476174,0.274712405652752,0.482629854903548,1.41496264632205e-20,1.54230928449103e-18,0.626627352523826,0.517370144994403,0.725287594363641,TRUE,0.551018446296906,0.417536083294517,0.729983514354315,0.691250933032571,0.764533592509863,FALSE,FALSE,0.678504643721429,0.631398772519359,0.721010693648231,FALSE,FALSE,FALSE,FALSE,FALSE,FALSE,TRUE,FALSE,TRUE,FALSE,TRUE,NA,TRUE,TRUE,NA,NA,NA,NA,NA,NA,NA,NA,FALSE,FALSE,11,"V",2,"II",NA,NA
"MGPD","mandible","distance","ADE","D","broad sense heritability",0.0491707102696036,0,0.865950123788339,FALSE,0.932943533281518,1,0.783851643487689,1.42970057920652e-38,0.884412080276791,0.141439864610659,1,0.166977646242707,0.115764694932422,0.231671566553988,5.10903810188797e-16,4.70031505373693e-14,0.833022353757293,0.768328433418926,0.884235305063936,TRUE,0.742569146936636,0.119694980448547,0.830625389513271,0.804633208615619,0.853440333915831,TRUE,TRUE,0.79736547246938,0.764149471507652,0.826696710602962,TRUE,TRUE,FALSE,FALSE,FALSE,FALSE,NA,NA,NA,NA,NA,NA,NA,NA,FALSE,FALSE,TRUE,FALSE,TRUE,NA,TRUE,TRUE,TRUE,TRUE,9,"V",NA,NA,3,"IV"
"HIPL","hard palate","distance","ADE","D","broad sense heritability",0.0337256070871137,0,0.677405696151541,FALSE,0.964087791963579,1,0.534369719793904,2.59695326396853e-32,0.693748296325941,0.467775325242626,1,0.431904673118982,0.306205442547799,0.577905282337859,2.55401017436146e-14,2.17090864820724e-12,0.568095326881018,0.422094717876097,0.693794557872963,TRUE,0.364139380995298,0.101343432097619,0.600568466067123,0.547856229867652,0.6485307702289,FALSE,FALSE,0.575508236207949,0.518718818850335,0.627581630646141,FALSE,FALSE,FALSE,FALSE,FALSE,FALSE,NA,NA,NA,NA,NA,NA,NA,NA,FALSE,FALSE,TRUE,FALSE,TRUE,NA,TRUE,TRUE,FALSE,FALSE,11,"V",NA,NA,3,"IV"
"PPW5","pharynx","curvature","ACE","C","familiality",0.0206873116541588,0,0.741856832993584,FALSE,0.966599622379266,1,0.507288991707828,1.08924651296211e-32,0.733616525219405,0.285610267105305,1,0.472023696638013,0.242661323874222,0.685976176895537,0.000133618803790102,0.00467665813265357,0.527976303361987,0.314023856445538,0.757338673932798,TRUE,0.41052259629791,0.238068760055246,0.413449175159616,0.345622450651966,0.476978169878273,FALSE,FALSE,0.340679215729304,0.26749875768722,0.410088722893794,FALSE,FALSE,FALSE,FALSE,FALSE,FALSE,FALSE,FALSE,TRUE,FALSE,TRUE,NA,TRUE,TRUE,NA,NA,NA,NA,NA,NA,NA,NA,FALSE,FALSE,11,"V",3,"IV",NA,NA
"L3EA","larynx","distance","ADE","D","broad sense heritability",0.0214281172858711,0,0.6316857491461,FALSE,0.973577165370653,1,0.52398648908951,0,0.647339510313782,0.405565945342819,1,0.454585393624618,0.352698884664897,0.575115062999389,9.74718907664534e-40,1.34511209257706e-37,0.545414606375382,0.424884936840019,0.647301115339783,TRUE,0.437410597776736,0.106172678671815,0.757489216680368,0.721947895728337,0.789044117140933,TRUE,FALSE,0.754006136492013,0.716533970308789,0.787320197732543,TRUE,FALSE,FALSE,FALSE,FALSE,FALSE,NA,NA,NA,NA,NA,NA,NA,NA,FALSE,FALSE,TRUE,FALSE,TRUE,NA,TRUE,TRUE,TRUE,FALSE,10,"V",NA,NA,3,"IV"
"PNNP","pharynx","distance","ADE","D","broad sense heritability",0.0170290392413549,0,0.854620924066412,FALSE,0.974861525150719,1,0.805842134515511,9.60719860215863e-11,0.883110222953559,0.109963863810465,1,0.177128826243134,0.116691679783172,0.252271070178697,9.60513663594498e-12,7.10780111059929e-10,0.822871173756866,0.747728929852883,0.883308320417409,TRUE,0.63988377508388,0.1955107100947,0.741498826633544,0.704103969448854,0.774792339266793,FALSE,FALSE,0.743312844405905,0.703070669191398,0.779432337805893,FALSE,FALSE,FALSE,FALSE,FALSE,FALSE,NA,NA,NA,NA,NA,NA,NA,NA,FALSE,FALSE,TRUE,FALSE,TRUE,NA,TRUE,TRUE,FALSE,FALSE,11,"V",NA,NA,3,"IV"
"DMAC","dentition","curvature","ACE","C","familiality",5.16544889632508e-09,0,0.852897090045889,FALSE,1,1,0.427656524839329,1.19099897811596e-31,0.819672250752383,0.587089075615594,1,0.572343469995222,0.174700165514235,0.910921812275826,0.0148072470403133,0.236915952645013,0.427656530004778,0.0890782093602827,0.825296083346919,TRUE,0.0965108427244944,0.142309209990683,0.208216401083761,0.131811852843243,0.28216158532984,FALSE,FALSE,0.199197045545784,0.121954887762255,0.274226649515561,FALSE,FALSE,FALSE,FALSE,FALSE,FALSE,FALSE,FALSE,TRUE,FALSE,TRUE,NA,TRUE,FALSE,NA,NA,NA,NA,NA,NA,NA,NA,FALSE,FALSE,11,"V",3,"IV",NA,NA
"PWTP","pharynx","Procrustes dist.","ACE","C","familiality",1.76593335893938e-09,0,0.701980481736551,FALSE,1,1,0.542004043788653,2.50213263660284e-34,0.71165928927079,0.237616714280129,1,0.457995954445414,0.288340578048158,0.640498091428429,1.41654323895399e-06,6.51609889918835e-05,0.542004045554586,0.359501908816737,0.711659422042327,TRUE,0.312093115875131,0.232552671365623,0.483013916457181,0.420089910736574,0.541315572336776,FALSE,FALSE,0.417041866963575,0.347422310779797,0.482324027008699,FALSE,FALSE,FALSE,FALSE,FALSE,FALSE,FALSE,FALSE,TRUE,FALSE,TRUE,NA,TRUE,TRUE,NA,NA,NA,NA,NA,NA,NA,NA,FALSE,FALSE,11,"V",3,"IV",NA,NA
"HACP","hard palate","angle","ACE","C","familiality",1.4695211543541e-10,0,0.423668063118462,FALSE,1,1,0.248541676036751,5.6695002090574e-29,0.425448975883109,0.479081366195009,1,0.751458323816297,0.574551024679071,0.930518482105103,7.66656498860335e-16,6.97657413962905e-14,0.248541676183703,0.0694822245208495,0.425448975916335,TRUE,0.13164923668765,0.0967671185552292,0.470072367351366,0.406630060670268,0.529002789710261,FALSE,FALSE,0.448808099252905,0.383241099090441,0.509786022984016,FALSE,FALSE,FALSE,FALSE,FALSE,FALSE,FALSE,FALSE,TRUE,FALSE,TRUE,NA,TRUE,FALSE,NA,NA,NA,NA,NA,NA,NA,NA,FALSE,FALSE,11,"V",3,"IV",NA,NA
"AANP","skull","angle","ADE","D","broad sense heritability",1.28027246796928e-10,0,0.632559192842051,FALSE,1,1,0.47056284410641,1.29709256062773e-41,0.674078594806041,0.348879059843975,1,0.529437155765563,0.325920285386289,0.747109668071286,1.00311503724947e-06,4.9152636825224e-05,0.470562844234437,0.252890331603347,0.674079714630761,TRUE,0.228012175772243,0.0555136187675187,0.402673845357692,0.334701217417492,0.466477809142191,FALSE,FALSE,0.382105206549013,0.312097995447672,0.44808304007586,FALSE,FALSE,FALSE,FALSE,FALSE,FALSE,NA,NA,NA,NA,NA,NA,NA,NA,FALSE,FALSE,TRUE,FALSE,TRUE,NA,TRUE,TRUE,FALSE,FALSE,11,"V",NA,NA,3,"IV"
"CS2H","cervical","distance","ADE","D","broad sense heritability",5.87590672502521e-11,0,0.938838498840987,FALSE,1,1,0.877727510311809,1.48312841491365e-30,0.940411876563703,0.157288196909193,1,0.122272489629432,0.0519476129994612,0.235688216485864,0.0174802026249054,0.262203039373581,0.877727510370568,0.764311783649071,0.946996134775989,TRUE,0.604889997083722,0.0806432663662866,0.58764226601835,0.533630081689622,0.636880173960542,FALSE,FALSE,0.538091952693852,0.475673604021854,0.595860907581575,FALSE,FALSE,FALSE,FALSE,FALSE,FALSE,NA,NA,NA,NA,NA,NA,NA,NA,FALSE,FALSE,TRUE,FALSE,TRUE,NA,TRUE,TRUE,FALSE,FALSE,11,"V",NA,NA,3,"IV"
"HMAC","hard palate","curvature","ADE","D","broad sense heritability",4.60582096659035e-11,0,1,FALSE,1,1,0.37347902574445,2.47930020770163e-31,0.999999999999996,0.581827744084526,1,0.626520974209492,1.31624355418116e-36,1,0.222597884371628,1,0.373479025790508,2.81553214357e-26,1,TRUE,0.0820522910559494,0.0275544735539631,0.0848952853952379,0.00637714067627645,0.162373026308951,FALSE,FALSE,0.0992216250931211,0.0244515955733682,0.17683208967875,FALSE,FALSE,FALSE,FALSE,FALSE,FALSE,NA,NA,NA,NA,NA,NA,NA,NA,FALSE,FALSE,TRUE,FALSE,TRUE,NA,TRUE,FALSE,FALSE,FALSE,11,"V",NA,NA,3,"IV"
"L4CT","larynx","distance","ADE","D","broad sense heritability",4.00747680701801e-11,0,0.49301428032687,FALSE,1,1,0.355830998761407,6.7927872620651e-33,0.554428128228502,0.289758652862411,1,0.644169001198518,0.445571789878761,0.855883826475917,3.02330587469964e-12,2.32794552351872e-10,0.355830998801482,0.143749958704606,0.554428210025634,TRUE,0.166308019379452,-0.0404634103887312,0.456397975633301,0.391672372167592,0.516628808321357,FALSE,FALSE,0.461657614438426,0.395918512026296,0.522879041318007,FALSE,FALSE,FALSE,FALSE,FALSE,FALSE,NA,NA,NA,NA,NA,NA,NA,NA,FALSE,FALSE,TRUE,FALSE,TRUE,NA,TRUE,FALSE,FALSE,FALSE,11,"V",NA,NA,3,"IV"
"OCHL","oral","ratio","ACE","C","familiality",2.04030511940632e-11,0,0.761708848717544,FALSE,1,1,0.539048259360335,3.03948249557988e-42,0.766219359144588,0.251675499476871,1,0.460951740619262,0.233926571811688,0.693654972204429,0.000469352549256186,0.0140805764776856,0.539048259380738,0.306345028123849,0.766073344265631,TRUE,0.174414644074796,0.100140576110124,0.352108809024565,0.281271717354861,0.419129426620797,FALSE,FALSE,0.326625276572382,0.253061826812527,0.396696544820925,FALSE,FALSE,FALSE,FALSE,FALSE,FALSE,FALSE,FALSE,TRUE,FALSE,TRUE,NA,TRUE,TRUE,NA,NA,NA,NA,NA,NA,NA,NA,FALSE,FALSE,11,"V",3,"IV",NA,NA
"DAII","dentition","angle","ADE","D","broad sense heritability",1.56895825517983e-11,0,0.373259675140488,FALSE,1,1,0.631976569599831,0.194618922223411,0.735472940480985,0.0141968513716214,1,0.36802343038448,0.264527059510785,0.492672950173688,2.42116497633657e-18,2.3969533265732e-16,0.63197656961552,0.507327058748736,0.735472940513326,TRUE,0.445993410743284,-0.117544782635348,0.657075946722558,0.61028055678644,0.699301661927204,FALSE,FALSE,0.663532988140571,0.61536905223045,0.707355165628248,FALSE,FALSE,FALSE,FALSE,FALSE,FALSE,NA,NA,NA,NA,NA,NA,NA,NA,TRUE,FALSE,TRUE,FALSE,TRUE,NA,TRUE,TRUE,FALSE,FALSE,11,"V",NA,NA,1,"II"
"LEPL","larynx","distance","ADE","D","broad sense heritability",1.39840818197586e-11,0,0.626934466994157,FALSE,1,1,0.456906898061918,1.11583161281125e-33,0.682208116924533,0.352687195198419,1,0.543093101924098,0.317343356736585,0.780097124311978,7.07202013539449e-06,0.000304096865821963,0.456906898075902,0.219908992830635,0.682656643377525,TRUE,0.227530994659925,-0.0994202839271101,0.403969371229083,0.336130646392671,0.467637915870224,FALSE,FALSE,0.357716179582947,0.285636169960262,0.425551880041068,FALSE,FALSE,FALSE,FALSE,FALSE,FALSE,NA,NA,NA,NA,NA,NA,NA,NA,FALSE,FALSE,TRUE,FALSE,TRUE,NA,TRUE,TRUE,FALSE,FALSE,11,"V",NA,NA,3,"IV"
"MMPG","mandible","distance","ADE","D","broad sense heritability",9.22402587723165e-12,0,1,FALSE,1,1,0.843316449767749,3.99468014284772e-28,1,0.226369700355218,1,0.156683550223027,1.43280332840952e-28,0.403860371630454,0.237798146126319,1,0.843316449776973,0.596139628419404,1,TRUE,0.293283339736736,0.0199527073024345,0.316964197701863,0.244788293087214,0.385646604243301,FALSE,FALSE,0.293864415298373,0.219229932748771,0.36557336289897,FALSE,FALSE,FALSE,FALSE,FALSE,FALSE,NA,NA,NA,NA,NA,NA,NA,NA,FALSE,FALSE,TRUE,FALSE,TRUE,NA,TRUE,TRUE,FALSE,FALSE,11,"V",NA,NA,3,"IV"
"HP2C","hard palate","curvature","ADE","D","broad sense heritability",7.16454524268752e-12,0,0.622297394512358,FALSE,1,1,0.344828497026475,0,0.663713193062129,0.541746714759675,1,0.655171502966361,0.336295868312661,0.969739082557967,0.00029586065156864,0.00917168019862784,0.344828497033639,0.0302609064512292,0.663704132627542,TRUE,0.125842665726798,0.056849965377262,0.26492222385713,0.190626775183243,0.336200029908199,FALSE,FALSE,0.256407877975752,0.181801416303333,0.328401619675344,FALSE,FALSE,FALSE,FALSE,FALSE,FALSE,NA,NA,NA,NA,NA,NA,NA,NA,FALSE,FALSE,TRUE,FALSE,TRUE,NA,TRUE,FALSE,FALSE,FALSE,11,"V",NA,NA,3,"IV"
"HCCC","hard palate","curvature","ACE","C","familiality",6.87396911739185e-12,0,0.788559559014082,FALSE,1,1,0.568772152779919,8.42005563930109e-30,0.84555591001709,0.216185709069319,1,0.431227847213207,0.153548185614455,0.691128297304472,0.00479188206035637,0.110213287388197,0.568772152786793,0.308871701253208,0.846451558021342,TRUE,0.217979291285031,0.233426075157304,0.311588320069752,0.238391203403964,0.381265383686046,FALSE,FALSE,0.272763217355754,0.196820745326158,0.345565218527464,FALSE,FALSE,FALSE,FALSE,FALSE,FALSE,FALSE,FALSE,TRUE,FALSE,TRUE,NA,TRUE,TRUE,NA,NA,NA,NA,NA,NA,NA,NA,FALSE,FALSE,11,"V",3,"IV",NA,NA
"LHEP","larynx","distance","ADE","D","broad sense heritability",4.57720439649601e-12,0,0.502151377394595,FALSE,1,1,0.324873568299327,5.4567277711056e-41,0.513412227038493,0.706134808468195,1,0.675126431696096,0.486587771711805,0.874391773071952,5.45625482038176e-12,4.14675366349014e-10,0.324873568303904,0.125608225559253,0.513412228458833,TRUE,0.218765240897431,0.155750047681786,0.469620095362476,0.406303243780323,0.528448549818679,FALSE,FALSE,0.42496822623126,0.358049655051853,0.487895956945929,FALSE,FALSE,FALSE,FALSE,FALSE,FALSE,NA,NA,NA,NA,NA,NA,NA,NA,FALSE,FALSE,TRUE,FALSE,TRUE,NA,TRUE,FALSE,FALSE,FALSE,11,"V",NA,NA,3,"IV"
"L3CT","larynx","distance","ACE","C","familiality",4.5054870152835e-12,0,0.521776572505384,FALSE,1,1,0.577395986340848,0.0599406205782677,0.678511868364138,0.0311891632916498,1,0.422604013654647,0.321488131576493,0.539619914066384,2.00245455348146e-21,2.22272455436442e-19,0.577395986345353,0.460380086310237,0.678511868413792,TRUE,0.464198318701478,0.435653972661663,0.686568045723175,0.642819641761926,0.725852222255352,FALSE,FALSE,0.657497543525515,0.608337403621428,0.702084530483881,FALSE,FALSE,FALSE,FALSE,FALSE,FALSE,TRUE,FALSE,TRUE,FALSE,TRUE,NA,TRUE,TRUE,NA,NA,NA,NA,NA,NA,NA,NA,FALSE,FALSE,11,"V",2,"II",NA,NA
"HHPL","hard palate","distance","ACE","C","familiality",4.31559190684473e-12,0,0.576045289789072,FALSE,1,1,0.512635391644048,1.15656566832088e-32,0.658973743882962,0.0697962788356053,1,0.487364608351637,0.341026255225664,0.649533712334848,7.91059879763329e-11,5.5374191583433e-09,0.512635391648363,0.350466287582399,0.658973744772333,TRUE,0.296593993308761,0.313279566435662,0.500734458148866,0.43971593706636,0.557151729731586,FALSE,FALSE,0.482747748347967,0.418525445321216,0.542487921829202,FALSE,FALSE,FALSE,FALSE,FALSE,FALSE,FALSE,FALSE,TRUE,FALSE,TRUE,NA,TRUE,TRUE,NA,NA,NA,NA,NA,NA,NA,NA,FALSE,FALSE,11,"V",3,"IV",NA,NA
"APNP","skull","angle","ADE","D","broad sense heritability",2.68209365643469e-12,0,0.753187911070737,FALSE,1,1,0.713848600284293,1.26726814576784e-41,0.786608067517772,0.11204043211203,1,0.286151399713025,0.213391932462175,0.374707278514773,1.65965635813311e-25,1.92520137543441e-23,0.713848600286975,0.625292721492281,0.786608067012684,TRUE,0.566739864959591,0.0726091709959976,0.76366675244741,0.729009016185327,0.794419046311414,TRUE,FALSE,0.763814359209498,0.727046677814583,0.796631160353502,TRUE,FALSE,FALSE,FALSE,FALSE,FALSE,NA,NA,NA,NA,NA,NA,NA,NA,FALSE,FALSE,TRUE,FALSE,TRUE,NA,TRUE,TRUE,TRUE,FALSE,10,"V",NA,NA,3,"IV"
"DAIP","dentition","angle","ADE","D","broad sense heritability",2.07807444825602e-12,0,0.726221086189777,FALSE,1,1,0.700344656487274,8.85777220251515e-28,0.80113832816394,0.067993322875268,1,0.299655343510648,0.19618965479215,0.42414074901653,1.88562356938905e-10,1.26336779149066e-08,0.700344656489352,0.57585924836899,0.80381034525874,TRUE,0.491089941383526,-8.83517700636548e-06,0.62273681531809,0.572422475227907,0.668379166427638,FALSE,FALSE,0.610104174055983,0.556019980218577,0.659630817905481,FALSE,FALSE,FALSE,FALSE,FALSE,FALSE,NA,NA,NA,NA,NA,NA,NA,NA,FALSE,FALSE,TRUE,FALSE,TRUE,NA,TRUE,TRUE,FALSE,FALSE,11,"V",NA,NA,3,"IV"
"MGMD","mandible","distance","ADE","D","broad sense heritability",1.74332396201158e-12,0,0.650305533905846,FALSE,1,1,0.849660337441504,0.180332468065912,0.903995449734251,0.0180036392116316,1,0.150339662556753,0.0960045500445782,0.218734541384951,1.69734263097203e-10,1.15419298906098e-08,0.849660337443247,0.781265458620994,0.903995450377934,TRUE,0.710763701157937,0.0373961100590331,0.799546148941288,0.769462270668539,0.826090091391039,TRUE,TRUE,0.758818064211489,0.720410603732671,0.793140104421595,TRUE,FALSE,FALSE,FALSE,FALSE,FALSE,NA,NA,NA,NA,NA,NA,NA,NA,TRUE,FALSE,TRUE,FALSE,TRUE,NA,TRUE,TRUE,TRUE,TRUE,9,"V",NA,NA,1,"II"
"HPTH","hard palate","distance","ADE","D","broad sense heritability",1.12847316570585e-12,0,0.853645852866034,FALSE,1,1,0.760098423808326,0.615629083583736,0.760098423808326,0.270664860907002,1,0.239901576190546,0.135732705724265,0.384360551537296,0.000178243003721552,0.00606026212653277,0.760098423809454,0.615639451609432,0.861648844408098,TRUE,0.440316053738405,0.0511827629213352,0.515426810958841,0.455502719395666,0.570701171414185,FALSE,FALSE,0.499183258838082,0.435268843612458,0.558302726327284,FALSE,FALSE,FALSE,FALSE,FALSE,FALSE,NA,NA,NA,NA,NA,NA,NA,NA,FALSE,FALSE,TRUE,TRUE,TRUE,NA,TRUE,TRUE,FALSE,FALSE,11,"V",NA,NA,2,"IV"
"SVTv","general","distance","ACE","C","familiality",7.63004111044964e-13,0,0.363252207658251,FALSE,1,1,0.617964275604514,0.246052289773049,0.721594320108779,0.0066012836778329,0.943983565930105,0.382035724394723,0.278405680602862,0.500829755563584,1.3333663583416e-15,1.20002972250744e-13,0.617964275605277,0.499170244410038,0.721594319438645,TRUE,0.574664712976287,0.396108457862065,0.7349515317807,0.696806693406882,0.768950824423568,FALSE,FALSE,0.60857753607336,0.554563732043059,0.657988072206822,FALSE,FALSE,FALSE,FALSE,FALSE,FALSE,TRUE,FALSE,TRUE,TRUE,TRUE,NA,TRUE,TRUE,NA,NA,NA,NA,NA,NA,NA,NA,FALSE,FALSE,11,"V",1,"II",NA,NA
"HACL","hard palate","distance","ACE","C","familiality",1.28660164207072e-13,0,0.673710050536873,FALSE,1,1,0.353425207964099,3.53953669455762e-27,0.551692955792763,0.592887503741048,1,0.646574792035772,0.363010950659961,0.934430600818614,0.000595645223552891,0.016678066259481,0.353425207964228,0.0662163342813944,0.640621775177406,TRUE,0.112719428801711,0.153401707168168,0.261889825277733,0.187057388771039,0.333700335345793,FALSE,FALSE,0.242432164304699,0.16653333399864,0.315670118572669,FALSE,FALSE,FALSE,FALSE,FALSE,FALSE,FALSE,FALSE,TRUE,FALSE,TRUE,NA,TRUE,FALSE,NA,NA,NA,NA,NA,NA,NA,NA,FALSE,FALSE,11,"V",3,"IV",NA,NA
"DAIM","dentition","angle","ADE","D","broad sense heritability",6.0559795088697e-15,0,0.718672698542945,FALSE,1,1,0.701769736452967,0.576450802540266,0.805613290463077,0.0604066687943884,1,0.298230263547027,0.194386709424733,0.423552459463069,2.23693115311552e-10,1.45400524952509e-08,0.701769736452973,0.576447544368675,0.805613290402645,TRUE,0.498927974500264,-0.0116632098755267,0.626444310065141,0.576495382214267,0.671728856035745,FALSE,FALSE,0.612694415267968,0.558670793656514,0.662013500933517,FALSE,FALSE,FALSE,FALSE,FALSE,FALSE,NA,NA,NA,NA,NA,NA,NA,NA,FALSE,FALSE,TRUE,TRUE,TRUE,NA,TRUE,TRUE,FALSE,FALSE,11,"V",NA,NA,2,"IV"
"CS4H","cervical","distance","ACE","C","familiality",4.84921691602912e-17,0,0.317859247582081,FALSE,1,1,0.559942189051888,0.40326648657122,0.702121315676348,0.00800897107140894,1,0.440057810948112,0.297878684401178,0.596732701892822,2.30414982662276e-09,1.40553139423988e-07,0.559942189051888,0.403267298293525,0.702121315677918,TRUE,0.429643762377454,0.343385426312857,0.58759398054184,0.533577329663672,0.636836335211539,FALSE,FALSE,0.480040148347584,0.415181567164905,0.540385618157768,FALSE,FALSE,FALSE,FALSE,FALSE,FALSE,TRUE,FALSE,TRUE,TRUE,TRUE,NA,TRUE,TRUE,NA,NA,NA,NA,NA,NA,NA,NA,FALSE,FALSE,11,"V",1,"II",NA,NA
